["楼层", "用户ID", "用户名", "性别", "评论内容", "点赞数", "回复数", "评论时间"][177, "13417356", "铿爷爱睇戏", "男", "1天100集，6天扫完", 8, 3, "2018-01-22 15:14:24"]
[154, "13304789", "匿名网友486", "保密", "老师不应该来做程序的啊，开个成功学培训中心，必定是一代教父。", 8, 0, "2018-01-06 12:51:31"]
[554, "8821605", "Oakmomo", "男", "飞机大战装pygame的，请先装pycharm，在新建的.py文件夹打出import pygame，鼠标放在pygame上，在红色灯泡处，选install，就安装完了。安装不上报timeout错误的，请百度搜索，pip镜像安装，修改清华的镜像。\n看到好多同学一个模块搞了2，3个小时，提醒一下。。。", 7, 2, "2018-08-02 10:53:22"]
[66, "89273587", "石西一条街", "保密", "老师讲得很明白，很透彻，很小白，但是，恰恰适合我这种没接触linux，刚好又两个都想学的人，老师讲得简直赞啊！建议老师在一些特别重要特别重要，必须要掌握的教学视频最后，留一些作业，让我们自己也能独立思考下，然后下一节将正式内容的时候，先给大家讲一下之前留的课堂作业什么的，效果会更加好~~PS：可能我还在看Linux基础，后面Python应该有作业吧。不过不管怎么说，老师讲得都很棒~~~我会坚持下来的", 7, 0, "2017-09-21 00:34:07"]
[1446, "1404064", "大地瓜", "男", "这个老师在我看到过的视频中是讲课最好的，真正做到照顾0基础的新人，而且说话从来没结巴过，组织语言十分清晰。。简单的操作在后面的进阶课程中不停地重复提示而不让新人一上来不适应。 能有人告诉我这老师是谁吗？ 我想了解这个老师！", 7, 0, "2019-03-25 09:42:05"]
[867, "90352772", "万古青天灬一株莲", "男", "看了老师的Python视频我放弃了python 改学了Linux", 7, 0, "2018-11-26 15:56:55"]
[630, "62411178", "暖风如你v", "男", "这应该是我在b站看到过点击量最高的培训机构的it视频了", 7, 0, "2018-09-07 21:23:15"]
[537, "1998408", "一群小mi蜂", "保密", "python 入门手册第四版.pdf\nhttps://pan.baidu.com/s/1TWD_FmlgOnda6ggtESV88w \n配合书籍查阅，效果更佳", 6, 0, "2018-07-27 14:26:42"]
[535, "22076315", "一只阳光鱼", "保密", "该视频官网详细大纲", 6, 3, "2018-07-26 20:35:45"]
[459, "25161846", "尼古拉一特斯拉", "男", "从入门到入坟", 6, 0, "2018-06-19 00:18:45"]
[245, "12411252", "颛孙麒麟", "男", "终于看完了！！！ 老师讲课细心（虽然我是用两倍速看的），获益匪浅", 6, 2, "2018-03-15 23:55:08"]
[233, "17531704", "拖拉机协会", "保密", "一边做笔记一边看视频虽然很慢，但我也终于看完了。十分感谢老师的教导！！", 6, 2, "2018-03-06 21:43:48"]
[132, "23425852", "白翼星空", "男", "虽然几百集看着很多，但是每集都不是很长，并不需要害怕(=・ω・=)", 6, 1, "2017-12-03 13:25:27"]
[74, "2262258", "htrae", "保密", "点击，收藏，退出一气呵成", 6, 0, "2017-09-27 10:58:52"]
[1458, "106790715", "雷惜寒", "男", "当程序员生了孩子:医生:是个男娃！孩子:hello world！", 6, 0, "2019-03-27 07:01:53"]
[1203, "2719525", "Asa丶MOの墨", "男", "我从第一讲开始安装ubuntu  现在还没安装好", 6, 2, "2019-02-09 06:18:51"]
[1064, "12274164", "前尘さん", "保密", "有没有一口气六百集的（笑）[芮小凸小凹_哎]", 6, 0, "2019-01-15 21:28:00"]
[960, "28390847", "精日亲妈飞天爆炸", "男", "我在黑马当辅导，这是基础班的视频，大家可以去黑马的官网下载。基础的视频是免费的，视频里的代码和笔记都有的。", 6, 0, "2018-12-21 01:57:04"]
[729, "11398209", "哔站最帅的UP", "保密", "哪位大佬有老师讲课的Word讲义文件", 6, 4, "2018-10-17 21:03:56"]
[633, "39378745", "就怕社", "保密", "记录274，每天工作之余看20集左右", 6, 0, "2018-09-08 20:37:57"]
[7, "1309845", "哲学大叔", "男", "这一惊一乍的语调应该是为了防睡觉", 1599, 31, "2017-09-05 14:33:31"]
[176, "111963755", "我还会见到你吗", "保密", "https://pan.baidu.com/s/1pMM0beb\n飞机大战游戏素材\n我也是找了好久找到的（/TДT)/", 1210, 40, "2018-01-22 09:13:30"]
[115, "25055139", "wpp1227", "保密", "已收藏，下辈子看。", 715, 13, "2017-11-01 21:50:08"]
[18, "19271298", "山風改二", "男", "这根本就不是python入门，完全就是linux入门教程", 459, 28, "2017-09-07 00:55:45"]
[1008, "280107788", "strncat", "保密", "链接：https://pan.baidu.com/s/1SehvkiQ_IffLDpnScVkBRA \n提取码：kjsx \npython基础的课件，和老师用的一模一样，之前官网下的都是 .md 文件全部转为html文件。希望有更多爱学习的人能看见。把我顶上去。", 75, 9, "2018-12-31 15:45:10"]
[3, "11681827", "59秒的1分", "保密", "这不是Python零基础吗？为毛都是Linux", 92, 14, "2017-09-05 11:53:30"]
[325, "39855995", "YimmortalB", "保密", "给个飞机大战启动卡死的正解！！！！\nwhile True:\n    for event in pygame.event.get():\n        if event.type == pygame.QUIT:\n            pygame.quit()\n\n解决这个卡的问题，顶我上去！！！", 34, 0, "2018-04-22 17:07:18"]
[528, "13087940", "转基因荧光猪", "男", "第040集的代码规范文档\n原文档\nhttps://www.python.org/dev/peps/pep-0008/\n谷歌中文文档\nhttp://zh-google-styleguide.readthedocs.io/en/latest/google-python-styleguide/python_style_rules/\n\n(=・ω・=)", 30, 2, "2018-07-25 08:51:53"]
[172, "34514132", "月心说", "保密", "如果你在班上上课，你觉得老师讲的一点都不好，讲的都是你不感兴趣的内容，你是不是可以大声地说出来：“我听得都要睡着了，听下堂课吧，我要走了。”\n不管出于什么心态，别人也都在学习，你不能把这种负面情绪宣泄到其他人身上。如果你觉得不满意，为什么不私下去提一点建设性意见。\n这弹幕看得人浑身难受。", 29, 1, "2018-01-20 17:30:41"]
[560, "11672533", "sdwhsrw", "男", "这是我看过所有类型的教程里面最好的一个，原因如下\n1.部分发音虽不标准但是口齿清晰\n2.语速平均，即使高播放速度也很好分辨\n3.详细并且多次重复，允许走神，适合休闲学习", 21, 3, "2018-08-04 01:51:09"]
[318, "811170", "虫虫虫虫砸", "保密", "花了一个星期完整的看完了将近600集教程\n这个教程整体比较基础，讲的也不快，很适合刚入门没有什么基础的同学看\n有其他语言基础的同学可以两倍速快速刷\n不仅效率很高，而且还能听到老师鬼畜的 诶！ 诶！ 诶！的口头禅23333", 18, 7, "2018-04-19 00:51:04"]
[133, "152269", "山花", "保密", "目录大纲：\n本套教程15天\n1-3   天内容为Linux基础命令\n4-13  天内容为Python基础教程\n14-15 天内容为 飞机大战项目演练\n\n这是他们官网给的下载地址\nhttp://yun.itheima.com/course/273.html", 19, 2, "2017-12-15 22:04:52"]
[208, "38971263", "兄弟会的兄弟的兄弟", "保密", "没有点开展开的时候，我脑中还是自己帅气编程的场面", 15, 0, "2018-02-11 20:26:52"]
[1445, "403221003", "DYD_LoveWhoWho", "男", "首先感谢老师精彩的讲解！\n然后就47P-59P弹幕中各位童鞋提出的windows下如何使用ssh的问题作下解释，本人win10系统，亲测可用！\n1、登录http://slproweb.com/products/Win32OpenSSL.html\n2、下载Win64OpenSSL_Light-1_1_1b.exe（注意选择32和64位，此处为64位的）\n3、安装即可，注意安装第三步选择第一个，自动配置环境变量\n4、在cmd中分别输入ssh和scp看是否可用，如果返回usage：..等等，表示成功，然后就可以像老师一样愉快的玩耍了\n怎样解决免密登录：\n1、首先在cmd中，输入ssh-keygen，然后一路回车\n2、在你回车的命令中有id_rsa和id_rsa.pub的路径，默认C:\\Users\\你的机器名文件夹\\.ssh\n3、输入scp -P 22 .ssh/id_rsa.pub username@remote:~/.ssh/authorized_keys（这一步是将windows中的公钥传给服务器，并存为authorized_keys）\n4、在ubuntu中输入cat ~/.ssh/authorized_keys，查看公钥内容\n5、接下来就是见证奇迹的时刻了，在cmd中输入ssh username@remote，不用密码就能连接\n怎样解决配置别名：\n1、在cmd中输入cd .ssh，进入.ssh，此时cmd中显示路径C:\\Users\\你的机器名文件夹\\.ssh\n2、输入cd .&gt;config，在.ssh中创建host配置文件config\n3、在config中输入视频中的配置信息，两种方法：第一种，用记事本的方式打开config，输入保存；第二种，在cmd中输入echo Host 自定义名称 &gt;&gt; config，然后重复上述命令，修改其中的内容，输入剩余的HostName、User、Port。在cmd中输入type config，看是否输入成功。\n4、输入ssh 自定义名称  验证是否配置成功\n配图已上传CSDN\nhttps://blog.csdn.net/weixin_42633385/article/details/88785250\n如有问题可以私信我，不用谢，我叫红领巾！", 14, 0, "2019-03-25 03:35:18"]
[1202, "74131841", "猛禽不太萌", "男", "为了学习到处蹲WiFi终于把这五百多集下好了。[2233娘_大哭][2233娘_大哭]", 14, 0, "2019-02-08 21:37:24"]
[1107, "3889278", "lee洛神", "男", "开弹幕看的，感觉弹幕里面很多不太好的，讲道理学这个东西，又没有报班又没花钱，在这看视频就有人免费教，还在要求什么呢，要求是不是太多了？还有人喷水平不行的，水平再差是不是比没学过的人强一万倍？真正有实力的大牛来看这东西干嘛？就像日常里有人不信任医生看病开药，再不济人家也是学了快十年才能坐那给你看病。太浮躁了真的", 14, 0, "2019-01-21 14:18:37"]
[610, "27097551", "匿名用户918", "保密", "30天，600节课，完结撒花！", 14, 3, "2018-08-26 23:16:12"]
[1185, "395854603", "yong强世一也", "保密", "01，《Java编程学习第一季》：av35556299\n02，《Java编程学习第二季》：av37316788\n03，《Java编程学习第三季》：av37317551\n04，《Java编程学习第四季》：av38308449\n05，《JDBC编程和MySQL数据库》：av37325712\n06，《Web前端第一季（HTML）》：av35875257\n07，《Web前端第三季（JavaScript）》：av37383464\n08，《Web前端第四季（JQuery）》：av38513367\n09，《JavaWeb第一季基础（JSP和Servlet）》：av37398251\n10，《JavaWeb第二季进阶》：av37398729\n11，《3小时学会使用Maven构建项目》：av38517296\n12，《SSH框架第一季 - Struts入门》：av38472605\n13，《SSH框架第二季 - Hibernate入门》：av38476142\n14，《SSM框架第一季 - Mybatis入门》：av38513367\n15，《SSM框架第二季 - Spring入门》：av38516969\n16，《Spring Boot快速入门》：av38356979\n17，《手把手教你使用Cropper》：av38512574", 16, 0, "2019-02-02 22:33:04"]
[1160, "395854912", "xu右手挑灯往", "保密", "01，《Java编程学习第一季》：av35556299\n02，《Java编程学习第二季》：av37316788\n03，《Java编程学习第三季》：av37317551\n04，《Java编程学习第四季》：av38308449\n05，《JDBC编程和MySQL数据库》：av37325712\n06，《Web前端第一季（HTML）》：av35875257\n07，《Web前端第三季（JavaScript）》：av37383464\n08，《Web前端第四季（JQuery）》：av38513367\n09，《JavaWeb第一季基础（JSP和Servlet）》：av37398251\n10，《JavaWeb第二季进阶》：av37398729\n11，《3小时学会使用Maven构建项目》：av38517296\n12，《SSH框架第一季 - Struts入门》：av38472605\n13，《SSH框架第二季 - Hibernate入门》：av38476142\n14，《SSM框架第一季 - Mybatis入门》：av38513367\n15，《SSM框架第二季 - Spring入门》：av38516969\n16，《Spring Boot快速入门》：av38356979\n17，《手把手教你使用Cropper》：av38512574", 13, 0, "2019-01-29 22:19:27"]
[164, "13565853", "萌萌的萌大人", "女", "插一下，希望UP主不要介意，有没有小伙伴有想学安卓开发的呀，我最近开始录了安卓开发日记，零基础教学，点我头像就好了，不是营销号呀，求亲们不要举报我，新人UP主的视频没人看，只能出如此下策，只求一波支持，如果上热评了，艾特我，我来自删评论不影响小伙伴们的评论区。", 12, 1, "2018-01-16 11:46:39"]
[28, "800296", "秃头熊爱土豆", "男", "一般python 我推荐 廖雪峰的教程 看完之后看python学习手册 快速补充 廖雪峰里没有的知识 再加上 python高手之路 看完你就可以继续深入学习", 12, 3, "2017-09-08 10:35:34"]
[1223, "40598427", "柯拜不柯拜", "男", "从入门到摔门而去", 12, 0, "2019-02-16 17:45:16"]
[663, "105350002", "期末别挂", "保密", "看了挺多了，有一点想给一起学习的朋友提下意见，就是别老是在弹幕里发“另一个朋友你在哪”这样的东西了，这是上传的视频，又不是直播，弹幕又不是实时的，你知道人家能看见？再说了，咱们是来学习的，又不是来找朋友的，认真看视频学习不就行了。不过我认为一些交流问题的弹幕还是很有益的，我就通过弹幕解决了好多问题😄", 14, 0, "2018-09-22 17:35:10"]
[559, "176489715", "橙子皮桑", "女", "点开 收藏 退出 一气呵成23333", 11, 1, "2018-08-03 19:34:49"]
[552, "111547665", "无名诶", "男", "B站完全沦落为学习软件Σ( ￣□￣||)", 11, 1, "2018-08-01 15:37:07"]
[236, "45164584", "LinguaHarry", "男", "老师讲的太好了，既细心又认真！！大赞！！！！！！！！其实人家都已经掌握的很熟练了，还不耐其烦的给我们讲课，这么仔细认真，非常敬业！！", 11, 0, "2018-03-07 19:46:29"]
[174, "4565644", "agedth", "保密", "看了10P了，作为一个没接触过编程的电脑小白来说，这个教程很好懂。我是文科生，看这个不是为了就业，完全是感兴趣。加油，支持。", 11, 1, "2018-01-20 18:14:05"]
[891, "1958913", "挂科都是浮云", "男", "终于学完了 打卡", 11, 1, "2018-12-03 23:47:02"]
[590, "356898416", "Sophia-Lancet", "男", "老师确实是好老师，讲解细致又照顾零基础的同学，但是弹幕某些人素质真的堪忧阿。就算您真的有本事，有必要来新手区秀优越和存在感吗？", 11, 1, "2018-08-19 00:05:39"]
[677, "279740013", "懂懂kkw", "保密", "https://blog.csdn.net/jiandan1127/article/details/82850084\n100集之后,Python的学习笔记, 遇到的问题, 和总结的解决方法, \n还在学习中,持续更新, 不嫌弃的拿去...", 13, 2, "2018-09-28 18:36:55"]
[1005, "14179943", "LuffyTei", "男", "才看了4P就学习到了不少东西，非常好。尤其是QQ的截图功能，我现在已经运用自如了。给老师点赞。", 10, 1, "2018-12-30 11:48:57"]
[898, "2006081", "代号G", "男", "才5集就有那么多杠精，linux好不好用？你连尝试都没尝试过就说老师是软黑，还老师讲课个人情感很重。实话实说，就5节课听下来感觉老师完全是在阐述事实，哪来的个人情感？怕是那位同学自己排斥linux吧？做程序员有本事一辈子别用和别碰linux（包括mac os）【我猜会有人跟我杠就是不用linux】。linux初学确实很头大，一个不小心可能系统就被玩坏了，但玩linux就在于折腾，折腾久了不成高手也是能正常使用了，怕的就是对于编程和操作系统的热情不够，打击之下磨灭热情。其实linux初学稍微了解一些基础就够了，其他的知识可以在学python以及其他方面的使用时慢慢积累。玩linux可以用虚拟机装也可以玩树莓派，一个不花钱，一个花点小钱买硬件但以后可以通过gpio扩展些具体的应用。新手不建议linux双系统，你不了解linux可能会陷入很长一段重装的时间，而且双系统也不方便边学习边敲代码，虚拟机真的很好用，隔壁小孩都馋哭了。", 10, 0, "2018-12-05 12:16:01"]
[889, "12272759", "这是我想了好久的昵称", "男", "我一学网络的，老师叫我学python，找来视频，视频让我先学liuxn(;¬_¬)", 10, 0, "2018-12-01 16:34:15"]
[598, "34240103", "Laen丶", "男", "15天的教程我竟然花了两个月才看完[2233娘_无言]", 10, 0, "2018-08-21 13:40:18"]
[513, "177678357", "时光吹傻了肉包", "保密", "请问在哪能获取到笔记呢？就老师的那个WORD", 9, 2, "2018-07-18 14:50:26"]
[339, "2820614", "孔乙己2019", "保密", "简单的笔记  \nhttp://note.youdao.com/noteshare?id=ea95ac1026f79c45469063a6556df5eb", 9, 3, "2018-04-30 12:34:32"]
[1204, "47328977", "一场无良梦", "男", "400集（练习加笔记）打个卡，坚持", 9, 3, "2019-02-09 09:52:11"]
[1049, "47328977", "一场无良梦", "男", "表示找了小甲鱼的，慕课的，其他一些课程，比较之下，能认真听下去，认真做笔记，跟着敲代码的只有黑马大佬的。赞~", 9, 0, "2019-01-13 22:16:47"]
[447, "302185278", "扛着向日葵的汉子", "保密", "老师讲的很细，很好，已经刷完第一遍，谢谢老师，人生苦短，我学Python(^・ω・^ )", 8, 0, "2018-06-16 09:38:13"]
[226, "57036922", "書_咒", "男", "这是我在b站遇到的第二个讲的这么好的老师,所涉及的知识点对于小白来说真的是非常有用.能对每一个小细节都如此了解,我想必定是大师级别的人物.在此谢谢老师\n\n记得上一个老师还是半年前学网络七层结构的时候是韩立刚老师讲的课, \n只是不知道这个老师叫什么?（￣▽￣）", 8, 7, "2018-02-27 15:12:13"]
[212, "40215831", "ALWEING", "女", "请允许我用24种编程语言，向各位亲们祝福……\nC：printf(&#34;祝大家新年快乐&#34;);\nC++:cout&lt;&lt;&#34;祝大家新年快乐&#34;;\nQBasic:Print&#34;祝大家新年快乐&#34;\nAsp:Response.Write&#34;祝大家新年快乐&#34;\nPHP:echo&#34;祝大家新年快乐&#34;;\nJScript:alert(&#34;祝大家新年快乐&#34;)\nVBScript:MsgBox&#34;祝大家新年快乐&#34;\nJscript:document.write(&#34;祝大家新年快乐&#34;)\nDelphi:ShowMessage(&#39;祝大家新年快乐！&#39;);\nVB:Print&#34;祝大家新年快乐！&#34;\nVC:MessageBox(&#34;祝大家新年快乐！&#34;);\nshell:echo祝大家新年快乐\nperl:print&#39;祝大家新年快乐&#39;\njava:System.out.println(&#34;祝大家新年快乐&#34;);\npowerBuilder:messagebox（&#34;祝大家新年快乐&#34;)\nC#：System.Console.WriteLine(&#34;祝大家新年快乐!&#34;)\nCOBOL:DISPLAY&#39;祝大家新年快乐！\nPython:print(&#34;祝大家新年快乐！&#34;)\nAS:Alert.show(&#34;祝大家新年快乐！&#34;);\nFoxpro:?【祝大家新年快乐！】\nDOS批处理:echo祝大家新年快乐\n易语言:调试输出(“祝大家新年快乐！！！”)\n iapp：tw(&#34;祝大家新年快乐&#34;)\n html： &lt;br/&gt;☆祝大家新年快乐！☆&lt;br/&gt;", 7, 4, "2018-02-15 19:24:59"]
[1211, "23234787", "蛋蛋蛋蛋蛋但DNA变异噜", "女", "看到52集。。打游戏没意思，还是看Linux有点意思", 7, 0, "2019-02-12 04:14:28"]
[562, "51815484", "吼吼说说", "保密", "600集我两杯速加快进全部看完了，首先先感谢黑马程序员的免费视频。但是有一些编程基础的不太建议拿这个入门，感觉讲的太浅显了，没有深入。。。(〜￣△￣)〜", 5, 1, "2018-08-04 16:11:00"]
[478, "17686742", "愉悦的banana", "男", "进来 收藏 退出 一气呵成", 5, 0, "2018-06-29 15:26:10"]
[472, "4752389", "风见_一姬", "女", "6月25日16：08 536  完结撒花", 5, 6, "2018-06-25 16:07:08"]
[406, "302185278", "扛着向日葵的汉子", "保密", "还有坚持的兄弟吗？让我看见你们的双手，点赞互相加油一下(●￣(ｴ)￣●)", 5, 0, "2018-05-31 22:05:19"]
[266, "192429764", "moposx", "男", "本来在看中国大学mooc 结果网太卡 就来b站找课程\n结果看完p1我决定看这个了😂😂贼tm接地气", 5, 0, "2018-03-30 14:40:20"]
[121, "569059", "渣诚の新娘", "保密", "首先感谢无私奉献，顺便问一句齐了吗？ 没到600呢（￣▽￣）", 5, 0, "2017-11-12 18:19:24"]
[1449, "11321831", "请继续", "保密", "安装的时候，虚拟机，软件等等，我的电脑通通失败，然后上网各种查找解决方法，和视频里轻松安装完全不一样，累瘫了。。。", 5, 0, "2019-03-25 12:33:27"]
[1296, "403030338", "我游遍人间四", "保密", "Python练习100例链接：https://pan.baidu.com/s/1I1cIznZS8bgvOBcBD3FE9g 密码：e54b", 5, 1, "2019-03-06 17:21:10"]
[1214, "195596278", "maets菌", "男", "从入门到秃顶的教程(｀・ω・´)", 5, 0, "2019-02-14 22:21:11"]
[1028, "308130748", "大咕团子", "女", "看到25，等我什么时候看到100了，再来看我今天写的评论，算算过了多久嘻嘻🇨", 5, 10, "2019-01-07 20:51:57"]
[920, "42630292", "帅动九洲", "保密", "老师讲得超级好，真正的良师", 5, 0, "2018-12-09 12:21:51"]
[832, "385478527", "linut2003", "保密", "哪里可以下本视频的老师笔记？", 5, 0, "2018-11-14 19:55:50"]
[822, "22865810", "小栈烛光", "男", "请问能够获取老师使用的pdf吗？关注了黑马程序员微信公众号一顿操作都找不到", 5, 0, "2018-11-11 13:00:22"]
[728, "266762426", "ETT朵ruai咪", "保密", "老师讲的很好！良心！", 5, 0, "2018-10-17 20:12:59"]
[623, "177952273", "灬北城丶以北灬", "保密", "请问从哪里可以找到老师的这个笔记？", 5, 0, "2018-09-01 13:16:52"]
[504, "13264975", "唐云虎", "男", "黑马老师，你101到107章标题的Python打成了Ptyhon。\nΣ( ￣□￣||)", 4, 0, "2018-07-14 17:58:35"]
[492, "27789695", "入侵者必亡", "保密", "本来一时兴起想学python，结果听linux听上瘾，2倍速一口气54集，不得不说讲的浅显易懂，非常的赞", 4, 0, "2018-07-09 00:56:37"]
[481, "10702961", "DCFilms", "男", "有谁知道这个老师叫什么吗 讲的太好了", 4, 0, "2018-07-04 14:05:06"]
[476, "307320904", "StevenVI", "保密", "谁有视频里的笔记分享一下呗", 4, 0, "2018-06-27 12:01:23"]
[469, "10772956", "pdeng", "保密", "讲得真好 ~", 4, 0, "2018-06-23 21:22:35"]
[417, "35053338", "Vencent1999", "男", "满脑子“老师先暂停一下”", 4, 1, "2018-06-04 16:11:31"]
[369, "5206568", "彩雲國物語", "保密", "2018-5-22 21:04 打卡 新学习 P31～P71", 4, 1, "2018-05-22 21:05:14"]
[352, "302185278", "扛着向日葵的汉子", "保密", "400打卡，蜗牛前行（￣▽￣）", 4, 0, "2018-05-12 09:23:01"]
[345, "53277678", "Juaran", "保密", "Linux真是好玩，大家不要看一百节的Linux，但这仅仅是三天需要学完的，加油吧，后面四百节12天学好。因为自学，没有学习方向摸索前进，然后爬虫，越深入越吃力越迷茫找不到方向，回来打好基础，以传智的这一套Python基础到web到爬虫为学习方向，春宵苦短，少年前进吧。", 4, 1, "2018-05-05 23:53:51"]
[317, "42397869", "佐罗宾汉", "男", "真正的良心教程，好东西", 4, 0, "2018-04-18 22:20:09"]
[206, "19448804", "9e7s0j4f", "保密", "每集开头的“接下来！”hhhhhh笑死我了", 4, 0, "2018-02-08 11:42:48"]
[151, "24464743", "宁骑-07", "男", "B战程序员估计也会偷偷的看...", 4, 0, "2018-01-04 16:33:32"]
[62, "30329546", "许哲桂", "保密", "大哥，先教下装在windows的pythoy呀！不然没得操作（￣へ￣）辛苦了", 4, 3, "2017-09-17 21:30:28"]
[36, "14407415", "Enchantid", "男", "收藏了也投币了，会不会看就看天意了( ´_ゝ｀)", 4, 0, "2017-09-09 11:34:18"]
[1554, "277211863", "呀哈啊嘿", "男", "谁有这个老师讲的就业班教Python的资源吗，感觉讲的可好(✪▽✪)。", 4, 0, "2019-04-09 10:46:31"]
[1345, "20997462", "推銷廣東香蕉", "男", "看完打卡，以为两倍速一星期就能看完，结果复习加练习花了一个月", 4, 1, "2019-03-12 13:00:27"]
[1153, "381915854", "风吹屁屁凉呀哦", "保密", "感觉比什么淘宝上卖的24期讲的要好", 4, 1, "2019-01-28 00:06:01"]
[1069, "103427546", "世家达", "保密", "如果对源码感兴趣的胖友，可以访问~\n\nhttp://www.iocoder.cn?bilibili&amp;python", 4, 0, "2019-01-16 19:07:04"]
[1024, "110821950", "我是追风筝的人", "男", "需要课件及就业班视频资料的联系我(⌒▽⌒)", 4, 11, "2019-01-06 00:01:50"]
[917, "92549342", "爱打自己的小飞机", "保密", "老师就这么暂停一下 暂停一下 一上午 就看完了40p", 4, 0, "2018-12-08 12:36:19"]
[727, "52859287", "我爱学生妹_", "保密", "一天上百集系列", 4, 0, "2018-10-17 09:53:07"]
[615, "81479152", "FucTu", "保密", "别被开头的那句话骗了，还是看学历，不然人家hr瞄都不瞄你一眼", 4, 2, "2018-08-29 19:57:14"]
[611, "22422242", "一年前我是个个性少年", "男", "为什么只有536集?????不是600集?", 4, 1, "2018-08-28 09:27:53"]
[595, "241402905", "cos_mopolitan", "保密", "看到还有这么多人跟我一起学习，我就放心了。", 4, 0, "2018-08-20 17:20:13"]
[589, "268541202", "暗黑圣文", "男", "这一集就几分钟 还分五百多集 有必要吗？", 4, 0, "2018-08-18 12:20:35"]
[572, "68032625", "_小奶哥哥", "保密", "8.13号开始打12号的卡，凌晨还有2个人在学习，今天到16p，希望每天都能看一天，在家不会废_(:3」∠)_", 3, 4, "2018-08-13 00:11:22"]
[570, "296036767", "誓约void", "男", "点赞，投币，收藏，退出[2233娘_喝水]", 3, 0, "2018-08-08 15:01:49"]
[551, "332848886", "三室两厅一人", "男", "有没有开学考二级python的战友←_←→_→", 3, 5, "2018-08-01 14:35:42"]
[538, "16562593", "死后的上帝啊", "保密", "先收藏了，明天再来，晚安", 3, 0, "2018-07-27 23:51:44"]
[485, "44449881", "橙汁加梨", "保密", "讲的很好，很符合我所认为的信息传达方式", 3, 0, "2018-07-05 19:02:02"]
[466, "24653372", "Hyu丶丶", "保密", "python从入门到入土", 3, 0, "2018-06-21 23:24:53"]
[448, "156879185", "_奇迹君_", "男", "2018年6月16日11点27分                     那个萌新和我一起学python，最好成都的初中男生qwq", 3, 1, "2018-06-16 23:27:32"]
[427, "4752389", "风见_一姬", "女", "6月9日00：30 318", 3, 0, "2018-06-09 00:29:00"]
[407, "302185278", "扛着向日葵的汉子", "保密", "426心如磐石不动如山，儿童节快乐(●￣(ｴ)￣●)", 3, 0, "2018-06-01 18:02:37"]
[358, "13651987", "小呀么小凶许呀", "男", "打卡 61集", 3, 0, "2018-05-16 05:40:28"]
[323, "302185278", "扛着向日葵的汉子", "保密", "300打卡，gogogo(°∀°)ﾉ", 3, 0, "2018-04-20 23:20:16"]
[297, "3099058", "怪力笨蛋", "男", "有谁有视频中的课件吗？", 3, 0, "2018-04-14 16:59:03"]
[286, "898496", "Lendme", "男", "妈蛋 我这边培训的老师还不如这老师讲的细 讲的好", 3, 0, "2018-04-12 00:18:47"]
[273, "10543507", "偷到爱情的小孩", "男", "仅仅是基础班+就业班前两天的视频（￣▽￣）", 3, 0, "2018-04-05 09:56:47"]
[250, "26042596", "菠蘿の海", "男", "真的是0基础教程，老师讲的挺不错的，前一半是Ubuntu后一半是Python，都看了的话很实用\n不过我推荐1.5倍速来看就是了（￣▽￣）", 3, 0, "2018-03-17 17:43:16"]
[240, "11890838", "即墨江山", "男", "python从入门到入坟", 3, 0, "2018-03-11 01:23:24"]
[237, "110725790", "终究还是成了春学家", "男", "虽然连着看久了很困，可的确是非常不错的教程，超赞的", 3, 0, "2018-03-07 21:02:52"]
[1148, "315433773", "esn123", "保密", "请问一下各位大佬，加黑马程序员QQ后怎么领取配套资源和源码材料", 3, 0, "2019-01-26 19:59:04"]
[1145, "294095782", "乂统天下", "保密", "* 在默认情况下，`print` 函数输出内容之后，会自动在内容末尾增加换行\n* 如果不希望末尾增加换行，可以在 `print` 函数输出内容的后面增加 `, end=&#34;&#34;`\n* 其中 `&#34;&#34;` 中间可以指定 `print` 函数输出内容之后，继续希望显示的内容\n\nLY_03", 3, 0, "2019-01-26 15:04:19"]
[1142, "294095782", "乂统天下", "保密", "选中一段代码后按 tab键：整体缩进\n选中一段代码后按 shift+tab键：整体向左缩进（反缩进）\n\nLY_01", 3, 0, "2019-01-26 11:27:29"]
[1140, "39665558", "偶尔有点小迷糊", "保密", "这可能就是传说中的从入门到放弃系列吧。。。不过，在这提及自己的Python教程会不会被打？6岁到60岁的都能看懂（￣▽￣） av41565264", 3, 0, "2019-01-25 22:43:48"]
[1127, "21232405", "jsdyhnh1996", "男", "用虚拟机看b站是真的爽！！！", 3, 0, "2019-01-24 16:18:56"]
[1125, "177165117", "lyqycwyqr", "女", "换句话卡路里含量呵呵很厉害", 3, 0, "2019-01-24 09:44:09"]
[1123, "21232405", "jsdyhnh1996", "男", "请问有讲义吗", 3, 0, "2019-01-23 18:15:06"]
[1099, "368091051", "伏拜阳明", "男", "请问这套视频需要像小甲鱼那样还要浏览小甲鱼自己的网站吗？", 3, 0, "2019-01-20 16:55:27"]
[1056, "4499102", "HsiaoTsiPei", "保密", "视频开始之前 老师先暂停一下[小电视_笑]", 3, 0, "2019-01-14 23:43:58"]
[984, "367352934", "尼古拉斯二哈耶稣大帝", "男", "虚拟机里面安装操作系统中木马了或者病毒了或者坏的就删从新下载就算虚拟机蓝屏完完全全都不影响电脑不会死机是吗？你不早说我都换了2台电脑了！", 3, 0, "2018-12-25 19:59:25"]
[897, "111115800", "我本楚狂人KW", "保密", "本来是来学java的，看到python点进来居然看了十多集停不下来", 3, 0, "2018-12-05 10:49:59"]
[636, "45320006", "小芒果plus", "男", "没看Linux，直接看的Python，第二天看完了Python基础的189集。他这个是按天分的。Python基础一共分7天。", 3, 5, "2018-09-10 20:40:43"]
[863, "11656276", "机智的何先生_", "保密", "linux有两大派系，按安装包类型分是deb系和rpm系。（派系不同，命令稍有不同。）\n\ndeb系比较有代表的是 Ubuntu、Debian、Mint、Kali 等。。。\n\nrpm系主要指 Redhat（收费的开源系统）、CentOS（免费的开源系统，已经被Redhat收购了）、Fedora、OpenSUSE  等。。。\n\n我推荐CentOS（大部分大学教的就是这个，比如我学校），Linux主要是用来搭建网站服务器的，大公司一般都是用CentOS，学习资料也属这个版本最多。\nhttps://www.centos.org/", 4, 0, "2018-11-25 15:44:38"]
[580, "321209120", "5569650920", "男", "今天500(⌒▽⌒)", 2, 0, "2018-08-14 20:02:27"]
[575, "222605379", "空一里", "保密", "真的是会中文就会，讲的很细，建议1.5倍食用。", 2, 0, "2018-08-13 19:31:59"]
[561, "321209120", "5569650920", "男", "能不能把。。。", 2, 0, "2018-08-04 09:57:18"]
[557, "74905867", "旋转爆炸宇宙第一黑", "保密", "有人有视频中的文字讲义吗", 2, 7, "2018-08-03 09:34:09"]
[544, "11755476", "云苍戮", "男", "这个点都有人一起的吗", 2, 2, "2018-07-30 01:59:42"]
[493, "275638551", "ArrowOoops", "保密", "求问课件", 2, 0, "2018-07-09 10:20:25"]
[480, "267378808", "甜蜜蜜你骚的甜蜜蜜", "男", "让我来暂停视频！", 2, 0, "2018-07-02 09:02:44"]
[232, "11328015", "墨墨陌默", "女", "python在101啊……", 3, 0, "2018-03-04 23:33:24"]
[221, "18734462", "我们的你和他", "保密", "终终终于看完了。。。就是内啥，飞机大战后面的没了呗，不是有2.0么", 3, 0, "2018-02-25 07:59:20"]
[201, "6311773", "纯白T恤", "保密", "编程从入门到放弃", 3, 0, "2018-02-06 22:57:31"]
[199, "24528920", "珍惜一氧化二氢", "保密", "才初三  对编程感兴趣  希望能听懂", 3, 10, "2018-02-06 13:21:01"]
[165, "27892875", "威猛先生D", "保密", "我就当着是window学**", 3, 0, "2018-01-16 17:26:38"]
[160, "4711198", "我向往的不是黎明", "男", "作为小白，能不能开发出个量化炒币程序就全靠老师了[小电视_赞]", 3, 1, "2018-01-08 00:39:26"]
[155, "38922493", "飘扬过海来看妳", "男", "终于看完一百集了，萌新大扫盲(〜￣△￣)〜", 3, 0, "2018-01-06 16:25:58"]
[147, "11755476", "云苍戮", "男", "收藏硬币推荐关注评论退出，一气呵成", 3, 0, "2017-12-30 23:49:10"]
[136, "4487469", "南风_makoto", "女", "我的天，，这应该是我在b站见过的最多的分p吧Σ( ￣□￣||)", 3, 0, "2017-12-20 21:19:08"]
[118, "16219705", "淮南刘德华", "男", "恐怖的展开Σ( ￣□￣||)", 3, 0, "2017-11-06 15:58:45"]
[80, "115515278", "Sherlock688", "保密", "666找了很久了，谢谢up主(⌒▽⌒)", 3, 0, "2017-10-01 20:57:32"]
[79, "50496721", "匿名用户zero", "男", "看了几个Python视频，感觉这个是相对比较系统的全面的，最适合初学者。\n如果是老鸟可以1.5倍速 + 跳着看     加油ヽ(`Д´)ﾉ", 3, 1, "2017-09-30 21:09:04"]
[26, "257642", "好棒好棒的", "男", "管他python入门还是linux入门，正好我两个都想学。先马币藏了。", 3, 3, "2017-09-08 00:15:38"]
[1540, "552914", "Sharpy", "男", "不到一周推进到201P，留言纪念一下，还得抽出时间回头打卡php。。。。", 3, 0, "2019-04-06 20:45:27"]
[1492, "24449466", "神崎长闲", "男", "学习就不需要开弹幕了，而且弹幕区也不和谐", 3, 0, "2019-03-30 17:20:24"]
[1447, "249940218", "Kingsnow_fly", "保密", "那个非官方的1000集有人有资源吗？我看到一半没有了", 3, 0, "2019-03-25 11:29:56"]
[1431, "320735970", "我真的是来学习a", "保密", "每看完一集最开心的就是那句：好，讲到这里我们先暂停一下视频！（￣▽￣）", 3, 0, "2019-03-23 15:46:00"]
[1397, "6352493", "Jazea", "男", "说一下PyCharm能通过学生edu邮箱认证免费订阅一年的专业版，第二年可用邮箱续订", 3, 0, "2019-03-17 21:47:08"]
[1251, "210421051", "雾似人非2333", "男", "看到279集了，明天继续。本来以为这个寒假能看完呢，唉看来是我太天真了_(:3」∠)_顺便问一下各位看完的大佬，学完了能够自己独立的写爬虫吗", 3, 0, "2019-02-24 23:24:52"]
[1163, "39665558", "偶尔有点小迷糊", "保密", "小白想学Python却找不到好老师？快来，这里有个活的 (°∀°)ﾉ av41565264", 3, 0, "2019-01-30 13:10:12"]
[479, "28412069", "敛墨念眉", "女", "据说会纳入高考内容。。。。新高一试探。。来看看", 2, 6, "2018-06-29 16:29:06"]
[474, "14077210", "三洋柒米", "男", "开始打卡[2233娘_卖萌]", 2, 1, "2018-06-26 16:22:14"]
[458, "28921055", "也被放进河川", "男", "打个标记。该看33集了", 2, 0, "2018-06-18 23:36:33"]
[449, "4752389", "风见_一姬", "女", "6月16日23：48 450", 2, 0, "2018-06-16 23:46:13"]
[436, "11340102", "神舞无双", "男", "说出来惭愧，我在这里卡了两天，无法运行python指令，上网各种差，各种方法，就是无法调用，后来更新到3版本后有明确的报错了，是因为程序中的符号用错了，如果有人也是无法调用，先检查下自己的符号是否用错输入法了", 2, 1, "2018-06-11 01:06:33"]
[432, "4752389", "风见_一姬", "女", "6月9日23：57 345", 2, 0, "2018-06-09 23:56:03"]
[429, "46532856", "Lesfiy", "保密", "老师。这个课件的pdf哪里下载啊？", 2, 0, "2018-06-09 05:44:52"]
[425, "4752389", "风见_一姬", "女", "6月8日00：36 288", 2, 0, "2018-06-08 00:34:42"]
[415, "46532856", "Lesfiy", "保密", "搞的我有点喜欢这个老师咯", 2, 0, "2018-06-04 05:49:31"]
[394, "21294771", "今天周周也要努力学习", "保密", "5..28打卡!手机没有显示P数，在添加家具那块，面向对象了!", 2, 0, "2018-05-28 23:51:21"]
[392, "3088847", "此生只为陆伯言", "男", "5.28 132 打卡 感觉讲得很细，但是有点墨迹", 2, 0, "2018-05-28 11:09:19"]
[385, "21097704", "逗芽菜儿", "保密", "求课件，百度云分享一下吧，我这个求学若渴的小蟒蛇🐍", 2, 0, "2018-05-26 19:01:57"]
[372, "21294771", "今天周周也要努力学习", "保密", "2018/5/23,260-290", 2, 0, "2018-05-23 22:08:36"]
[356, "5206568", "彩雲國物語", "保密", "2018-5-13 10:22     P30   打卡", 2, 0, "2018-05-13 22:22:47"]
[355, "15780648", "不要打我成全宇宙最帅", "男", "打卡", 2, 0, "2018-05-13 09:06:33"]
[351, "18905611", "熹胜ok", "保密", "408得再听一遍", 2, 0, "2018-05-11 16:40:44"]
[337, "14483398", "小骆闯江湖", "保密", "刚刷了一遍，挺好的。", 2, 0, "2018-04-29 11:41:20"]
[335, "27328741", "观众001", "保密", "快一个月了，刷完第一次，打卡", 2, 0, "2018-04-27 23:03:55"]
[314, "302185278", "扛着向日葵的汉子", "保密", "为这几天偷懒而自宫，228重新开始，fighting！！！", 2, 0, "2018-04-18 15:51:49"]
[287, "14340555", "暗月幽筱", "男", "不喜欢Linux可以使用visual studio installer拓展python development，不过完全新手的话不建议这么做，最好按照老师的一步步学习Linux系统", 2, 1, "2018-04-12 03:33:17"]
[272, "292390750", "cyberknight01", "保密", "请问教学笔记能发一下么（￣▽￣）", 2, 0, "2018-04-04 23:39:50"]
[265, "1994149", "红秀丽静", "女", "哇哦好喜欢这个老师！虽然一直有人说讲得太细了，但是对于新手特别是那种才刚刚开始接触linux的新手来说还是有非常大的帮助的！", 2, 0, "2018-03-29 22:23:07"]
[249, "18964432", "18530098159", "保密", "实在是太啰嗦了，哎", 2, 0, "2018-03-16 22:02:09"]
[235, "2959935", "或许陌生", "保密", "我用的win10创意者更新，可以安装ubuntu子系统（非虚拟机），应用商店就有，在win下直接照着视频学，美滋滋。", 2, 3, "2018-03-07 18:57:18"]
[227, "22915517", "Long_Bow", "男", "本科毕业前深入学习算法之后的第二个技能点", 2, 1, "2018-02-28 00:43:36"]
[225, "17709852", "细胞的核", "保密", "就业班视频在YouTube上有", 2, 0, "2018-02-26 23:13:46"]
[220, "61901355", "TFprime_wj", "保密", "这视频真心棒，刚好需要开始学习Linux，就看到这个视频，别提有多高兴了", 2, 2, "2018-02-23 04:22:24"]
[216, "31227258", "久期方程", "保密", "有500多集全看完的勇士吗Σ( ￣□￣||)", 2, 0, "2018-02-19 17:43:35"]
[215, "86286544", "钢管舞一郎", "保密", "老师能把你的PPT共享下吗？", 2, 0, "2018-02-18 10:17:15"]
[214, "65452633", "他怂恿", "男", "感觉这个linux的说的非常好，我之前报的培训班老师教的都稀里糊涂，有个好老师就是不一样啊。", 2, 0, "2018-02-16 00:55:25"]
[210, "46627168", "丿Hikaru丶光", "保密", "这老师讲的好细，非常适合新手学习，而且一句废话都没有。。。", 2, 0, "2018-02-13 22:47:25"]
[184, "11852333", "在下李秀根", "保密", "谁知道这个老师叫啥？还想看看这个老师别的课程", 2, 0, "2018-01-29 15:13:23"]
[169, "28300356", "柠檬汽水-", "保密", "我的天，跟洗脑一样py~~thon233", 2, 0, "2018-01-18 13:27:40"]
[158, "53264451", "北凤凉年Dream", "保密", "收藏不看系列", 2, 0, "2018-01-07 23:47:49"]
[152, "2794189", "Sixi712", "男", "项目实战的时候卡死了(苦笑)估计是内存原因,,while ture还有什么可以替换的么", 2, 0, "2018-01-05 09:07:51"]
[150, "413818", "Super_han_ge", "保密", "感觉真的不错  UP主加油啊。买了本鸟哥的linux私房菜。看了300页 越看越懵 看看就困了。昨天想试试视频 看这个一天看了30P。2倍速看的 感觉就像电视购物。", 2, 0, "2018-01-03 08:42:30"]
[120, "210181", "古明地唯", "男", "看到面向对象的实战了", 2, 0, "2017-11-09 03:06:59"]
[109, "21683695", "斑斑驳驳1111", "保密", "python版本现在都3.6了，还在讲2，版本3不兼容2。", 2, 1, "2017-10-24 21:08:29"]
[104, "5473610", "Bili_5473610", "保密", "*************800分钟/60=80小时的课程，减去20小时的linux基础=60个小时的python课程………，能学会python？学会命令就不错了，柯理化，装饰器，封装高阶函数，有的学(｀・ω・´)(｀・ω・´)(｀・ω・´)(｀・ω・´)(｀・ω・´)", 2, 0, "2017-10-17 22:43:33"]
[83, "6331503", "MuBaiOS", "男", "恰恰适合我这种没接触linux，刚好又两个都想学的人，老师讲得简直赞(°∀°)ﾉ", 2, 0, "2017-10-06 13:48:03"]
[69, "5390043", "new房昭之", "男", "300集打卡", 2, 2, "2017-09-21 23:48:48"]
[67, "20650338", "婧宝宝是好学生", "女", "视频上传完了吗？600集吗？", 2, 4, "2017-09-21 14:58:32"]
[44, "33547196", "十万条命打到天亮", "男", "书安利董付国的 Python可以这样学。视频课安利B站雨敲窗大大和小甲鱼大大的", 2, 5, "2017-09-10 08:55:32"]
[41, "3132409", "joohs", "男", "进入 收藏 关闭 再也不看而且舍不得删系列", 2, 0, "2017-09-10 00:34:28"]
[38, "66120523", "指尖的洛丽塔", "保密", "有生之年学不玩系列", 2, 0, "2017-09-09 19:36:32"]
[33, "3242781", "比企古九幡", "保密", "点开收藏回复一气呵成", 2, 0, "2017-09-09 10:28:20"]
[32, "603060", "sin_banana", "保密", "收藏了＝学会了", 2, 0, "2017-09-09 00:59:52"]
[1526, "11009060", "萌萌小奶龙", "保密", "从收藏到退出", 2, 0, "2019-04-04 14:07:04"]
[1434, "24195784", "彩色的空间", "男", "大一新生建议从138看起，前面的速成的话不是很重要", 2, 0, "2019-03-23 17:44:14"]
[1425, "32458768", "谈笑风生的重庆小伙子", "男", "不到2星期 完结打卡", 2, 0, "2019-03-22 16:53:03"]
[1423, "25158750", "瞳瞳木", "女", "必须要安装Pycharm吗？我用的Windows就用下载的IDE编程可以吗，我没有接触过，不太懂", 2, 4, "2019-03-22 16:47:39"]
[1403, "25826151", "骚年阿兵", "保密", "老师辛苦了，终于看完咯，立个flag先", 2, 3, "2019-03-19 23:08:30"]
[1399, "39926730", "--光辉--", "女", "各位 22世纪再见", 2, 0, "2019-03-18 09:50:09"]
[1342, "29921166", "ドラえもん", "保密", "有种程序叫爬虫，用python写很方便的。爬虫程序可以爬取你想要的一切，例如美女图片，小电影什么的，嘿嘿，心动了吗😂", 2, 0, "2019-03-12 01:47:21"]
[1340, "373609423", "41336161933_bili", "保密", "点开 收藏 退出 一气呵成", 2, 0, "2019-03-11 22:50:10"]
[1269, "396491181", "传智播客", "女", "这视频我也有 小黑╮(￣▽￣)╭", 2, 0, "2019-02-28 18:08:41"]
[1190, "47333743", "__new__", "男", "望大家坚持住", 2, 1, "2019-02-03 18:13:03"]
[1183, "33353141", "狼族少年bili", "保密", "讲的非常好，非常棒老师", 2, 0, "2019-02-02 19:19:27"]
[1181, "234025710", "bibi-come", "男", "有没有电子版的教材  求分享", 2, 0, "2019-02-02 16:13:50"]
[1179, "179242432", "冰水混合生物", "保密", "投币比点赞多", 2, 0, "2019-02-02 11:33:34"]
[1173, "1404064", "大地瓜", "男", "说真的，这个老师讲的十分详细，对于一个完全没有代码基础的我来说，都能够消化。甚至比如像pycharm的一些基本操作每次都能够重复讲解不会让人一下子就反应不过来。可以说真的走心了。", 2, 0, "2019-02-01 13:59:46"]
[1166, "381915854", "风吹屁屁凉呀哦", "保密", "学了后边的忘了前边的，有没有什么练习可以加强印象哦。", 2, 0, "2019-01-30 17:08:53"]
[1159, "174515382", "黑色小丑zero", "男", "始于python，忠于Linux", 2, 0, "2019-01-29 16:23:36"]
[1151, "294095782", "乂统天下", "保密", "快捷键 F8 = Step Over  可以单步执行代码，会把函数调用看作是一行代码直接执行\n快捷键 F7 = Step Into    可以单步执行代码，如果是函数，会进入函数内部 \n\nLY_05", 2, 0, "2019-01-27 10:53:42"]
[1146, "294095782", "乂统天下", "保密", "转义字符   描述\n \\\\\\\\             反斜杠符号\n \\\\&#39;              单引号\n \\\\&#34;              双引号\n \\n              换行\n \\t               横向制表符 \n \\r               回车 \n\n\nLY_04", 2, 0, "2019-01-26 15:42:32"]
[1133, "177165117", "lyqycwyqr", "女", "早上好", 2, 0, "2019-01-25 08:59:33"]
[1132, "22332245", "吾妻狂叁", "保密", "每看一篇一个硬币", 2, 0, "2019-01-25 08:51:24"]
[1124, "177165117", "lyqycwyqr", "女", "早上好", 2, 0, "2019-01-24 09:02:17"]
[1122, "385031140", "你的男孩佑哥哥", "保密", "良心", 2, 0, "2019-01-23 16:36:05"]
[1101, "39665558", "偶尔有点小迷糊", "保密", "这恐怕是最不高深的Python教程了  av41158123", 2, 1, "2019-01-20 18:46:23"]
[1077, "7482032", "LilyChow233", "女", "现在人都这么浮躁?看个1p 全是纠结读音的\n对不起 我太暴躁了 关闭弹幕解决一切问题", 2, 0, "2019-01-17 19:39:02"]
[1066, "128792120", "Cool樂", "保密", "每次听见  “讲到这里”  的时候脑补  “老师先暂停一下视频”Σ( ￣□￣||)", 2, 0, "2019-01-16 11:38:04"]
[1044, "8265092", "桥本环奈的弟弟", "男", "说到缩进那一块 建议是用空格好点 因为我看过阿里的代码编写规范课程 就是用的四个空格", 2, 0, "2019-01-11 17:06:23"]
[1032, "8265092", "桥本环奈的弟弟", "男", "小伙子我看你骨骼惊奇，要不要跟我做程序员咯？\n什么样的咯？\n删完大型数据库就跑路的窝", 2, 0, "2019-01-08 18:31:16"]
[1023, "10088978", "白月生", "保密", "有没有跟我一样，从一个名叫“改革春风吹满地”的用户收藏过来的", 2, 0, "2019-01-05 19:26:23"]
[988, "301918014", "月大侠rookie", "保密", "想说。对我一个学生物的外行，CPU干嘛的都不懂的人，简直福音。。。", 2, 1, "2018-12-26 11:08:10"]
[987, "122363023", "死磕UE4", "男", "有没有大胆的想法，用博大精深的中国文化，汉语拼音开发程序", 2, 9, "2018-12-26 10:00:02"]
[948, "2340059", "濒临分明", "保密", "弹幕不能看。。。杠精太多", 2, 0, "2018-12-17 18:04:49"]
[947, "13197896", "我得早点睡了", "男", "打卡_2_25", 2, 0, "2018-12-17 13:53:31"]
[831, "385478527", "linut2003", "保密", "很适用初学者", 2, 0, "2018-11-14 19:54:31"]
[812, "28443694", "真大包子酱", "男", "撒谎不是人，我刚在某宝花钱买了这个课，晚上来b站一搜竟然就有免费的。。一模一样。。what the f..", 2, 1, "2018-11-09 00:08:40"]
[735, "143610727", "不敢高声语1", "男", "能把讲义发下吗？", 2, 2, "2018-10-19 15:39:08"]
[732, "299861058", "李云飞好好学习好好爱她", "男", "这个老师讲的特别清楚", 2, 0, "2018-10-19 10:14:00"]
[730, "100474307", "密目网", "保密", "我就像说一下，那些杠精，本来就是up免费的分享给大家，没人强迫你看，不想听就右上角，不要破坏气氛", 2, 0, "2018-10-18 10:37:11"]
[723, "10886816", "Lx丶缘", "保密", "真是手把手教学..", 2, 0, "2018-10-15 12:10:50"]
[719, "607635", "小黑酱~", "女", "谢谢老师 老师辛苦啦", 2, 0, "2018-10-14 10:17:31"]
[717, "109124927", "对视深渊", "男", "谢谢老师，我是萌新，我的梦想就是成为一个程序员，编写自己的软件，您讲的我觉得特别清楚", 2, 0, "2018-10-13 21:45:13"]
[686, "32148462", "mj2602594534", "保密", "哥哥姐姐们，谁能共享下这个课的教学讲义", 2, 0, "2018-10-05 21:22:12"]
[680, "2175965", "偶发空想", "保密", "up主我想问一下，学习Python后可以设计一款简单的集换式卡牌游戏吗？", 2, 1, "2018-09-30 16:12:16"]
[651, "13646351", "迷之少年难过", "男", "讲的真心不错 就是速度太慢了 2倍速简直不要更好 我一个学计算机的 听有的内容都会觉得很有道理", 2, 0, "2018-09-18 20:20:18"]
[634, "327204363", "一片灰尘", "男", "600集啊", 2, 0, "2018-09-09 22:09:13"]
[626, "40541670", "江湖丶再见", "男", "记录，P12  2018.9.4  00:34", 2, 0, "2018-09-04 00:39:37"]
[462, "260205726", "凌い星", "保密", "2018年6月19日，今天我会第一次学pyhton，小白，打卡", 3, 0, "2018-06-19 15:01:28"]
[1475, "35885318", "贺寒真差劲", "男", "虚拟机在上面地方下载啊？\n[大哭]", 3, 0, "2019-03-28 18:09:32"]
[709, "68435029", "就要灭绿忠", "保密", "针对318p里面表头与名片的对齐问题做出的一点改进:http://h.bilibili.com/ywh/h5/8481841", 3, 1, "2018-10-12 14:55:45"]
[579, "199753227", "凤凰院A天蕉dianpy", "男", "大佬们有没有老师的这个笔记啊", 1, 0, "2018-08-14 11:57:33"]
[574, "61928666", "SlAmLi", "保密", "讲的很好，理解的恨透", 1, 0, "2018-08-13 16:36:37"]
[573, "256197127", "LikeyoShame", "男", "我想知道要不要学c，不是说学c是基础吗", 1, 2, "2018-08-13 15:25:05"]
[571, "14606256", "hittt888", "保密", "加油加油！", 1, 0, "2018-08-09 16:20:24"]
[550, "332848886", "三室两厅一人", "男", "大家有没有用windows打开pycharm的，好多快捷键冲突怎么办", 1, 0, "2018-08-01 13:54:33"]
[549, "7907915", "东北的甜栏杆", "保密", "看完了 后续的谁有视频啊！！！！！！", 1, 4, "2018-08-01 00:18:09"]
[543, "332848886", "三室两厅一人", "男", "（￣▽￣）", 1, 0, "2018-07-29 20:57:50"]
[529, "43046272", "行走的蒸汽水", "保密", "求老师的word 谢谢", 1, 1, "2018-07-25 10:14:08"]
[521, "174005262", "Unreal_light", "保密", "下载完系统会不会没等到给虚拟机安就给电脑主机安上了？", 1, 0, "2018-07-23 06:56:15"]
[519, "9075307", "人肉背景", "保密", "讲简单的嫌烦，讲难的不会，一直BB什么，学就完事了", 1, 0, "2018-07-22 23:17:52"]
[518, "413496", "春暖花开bilibili有你", "保密", "600集。。。说实在的python看了一天就开始写了，还是查文档学的比较快", 1, 5, "2018-07-22 11:40:27"]
[514, "101577158", "老撕鸡Orz", "男", "学习打卡", 1, 1, "2018-07-19 12:31:32"]
[511, "17292508", "IT资源搬运工", "保密", "老师用到的课件在哪里啊", 1, 0, "2018-07-17 22:28:20"]
[507, "247816819", "喵了个咪爸爸双18", "保密", "坑爹专业小硕前来自学，想转行", 1, 2, "2018-07-16 13:59:34"]
[505, "46532856", "Lesfiy", "保密", "一不小心撸了好久。不错。有C基础学这个跟玩一样╮(￣▽￣)╭╮(￣▽￣)╭", 1, 0, "2018-07-15 17:40:16"]
[503, "321209120", "5569650920", "男", "（￣▽￣）", 1, 0, "2018-07-14 11:51:39"]
[498, "107327809", "波兰立陶宛联邦王国球", "男", "打卡第三集", 1, 0, "2018-07-12 20:32:45"]
[496, "843064", "当晚", "保密", "打卡 第三集", 1, 7, "2018-07-11 20:29:34"]
[495, "245120323", "睚眦之痕", "女", "作为一名以后要当程序员的学生，我先把这个收藏了吧", 1, 1, "2018-07-11 10:46:29"]
[473, "15059354", "紫罗兰亚瑟王", "男", "收藏，关注，跑路，一气呵成", 1, 0, "2018-06-25 21:38:12"]
[467, "299861058", "李云飞好好学习好好爱她", "男", "非常好的Python教程，值得大家学习", 1, 0, "2018-06-22 14:50:35"]
[463, "195711959", "大哥别闹别闹", "保密", "you are not alone!", 1, 0, "2018-06-19 22:15:52"]
[455, "4752389", "风见_一姬", "女", "6月17日23：10 472", 1, 0, "2018-06-17 23:08:13"]
[444, "4752389", "风见_一姬", "女", "6月15日00：12 431", 1, 0, "2018-06-15 00:11:00"]
[443, "20735811", "不上镜的丧倞同学", "男", "自学一段时间杂七杂八的东西回来看 了然于心", 1, 0, "2018-06-13 23:25:26"]
[442, "4752389", "风见_一姬", "女", "6月13日00：43 401", 1, 0, "2018-06-13 00:41:57"]
[435, "4752389", "风见_一姬", "女", "6月11日00：16 365", 1, 0, "2018-06-11 00:14:16"]
[434, "29975963", "HsiangSun", "保密", "2018年6月10日 完结打卡  感谢老师 真的讲的非常好", 1, 0, "2018-06-10 21:54:46"]
[423, "4752389", "风见_一姬", "女", "6月7日00：52   270", 1, 0, "2018-06-07 00:51:23"]
[421, "4752389", "风见_一姬", "女", "6月6日00.43 239", 1, 0, "2018-06-06 00:42:04"]
[411, "4752389", "风见_一姬", "女", "6月2日22.59 184集", 1, 0, "2018-06-02 22:58:17"]
[410, "22608349", "墨20160130", "女", "老师讲得好细，很适合初学者，学习中。。。但是好像只有500多集，没完结吗？", 1, 0, "2018-06-02 21:10:30"]
[409, "4752389", "风见_一姬", "女", "6月2日00.37 162集", 1, 0, "2018-06-02 00:35:38"]
[400, "19235476", "x楠木", "男", "这个不适合有编程基础的人来看，有点太基础。。", 1, 0, "2018-05-30 16:50:16"]
[388, "29975963", "HsiangSun", "保密", "这老师讲的真的挺好的", 1, 0, "2018-05-27 15:19:15"]
[387, "103942822", "取名是个闹心事儿", "保密", "刚开始(⌒▽⌒)", 1, 0, "2018-05-27 09:40:43"]
[382, "3088847", "此生只为陆伯言", "男", "5.26 110打卡", 1, 0, "2018-05-26 11:05:48"]
[381, "3088847", "此生只为陆伯言", "男", "5.25打卡", 1, 0, "2018-05-25 10:19:28"]
[378, "21294771", "今天周周也要努力学习", "保密", "290-327", 1, 0, "2018-05-24 22:00:56"]
[374, "21294771", "今天周周也要努力学习", "保密", "b站的五级会员了，要一半时间贡献给网课了_(:3」∠)__(:3」∠)_", 1, 0, "2018-05-23 22:12:30"]
[373, "21294771", "今天周周也要努力学习", "保密", "我六月一号就要去开发了。然而什么都不会(;¬_¬)(;¬_¬)", 1, 5, "2018-05-23 22:09:44"]
[367, "22232963", "课代表丨", "保密", "140", 1, 1, "2018-05-21 23:45:45"]
[366, "1359666", "不加盐就很甜", "保密", "P229", 1, 0, "2018-05-19 14:00:26"]
[359, "22232963", "课代表丨", "保密", "05-16打卡122", 1, 0, "2018-05-17 00:32:08"]
[346, "18905611", "熹胜ok", "保密", "366打个卡", 1, 1, "2018-05-06 17:12:59"]
[341, "4186898", "Original-fx", "男", "我竟然听懂了", 1, 0, "2018-04-30 21:57:40"]
[328, "9614401", "SuperMatilda", "男", "536是完结了吗", 1, 0, "2018-04-25 09:01:04"]
[326, "26241771", "shxioulo", "保密", "已收藏！拜拜！", 1, 0, "2018-04-23 00:23:30"]
[324, "1356", "羊驼之愤怒", "保密", "这就是你水集数的原因么...", 1, 0, "2018-04-22 12:17:17"]
[321, "10677183", "NoFrontiers", "男", "从入门到放弃吗？→_→", 1, 0, "2018-04-19 10:05:12"]
[316, "4625922", "通透", "男", "(=・ω・=)有人有这个课的课件吗", 1, 0, "2018-04-18 22:04:25"]
[309, "44681077", "方正3000", "男", "c语言从入门到放弃\nJava从入门到卸载\nLisp从入门到入土\n汇编语言从入门到自残", 1, 0, "2018-04-17 00:34:32"]
[308, "9247382", "灬Precious丿", "保密", "2倍速无压力。", 1, 0, "2018-04-16 21:04:03"]
[305, "92984035", "在下不知鼎之轻重", "保密", "居然可以中文变量名(=・ω・=)", 1, 1, "2018-04-16 06:33:46"]
[303, "9736005", "风迅", "保密", "厉害了，这种合集应该多一点。", 1, 0, "2018-04-15 21:32:07"]
[301, "302185278", "扛着向日葵的汉子", "保密", "200打卡，加油加油加油，gogogo", 1, 0, "2018-04-15 15:31:06"]
[299, "8123917", "星星大橙子", "保密", "收藏一下就假装自己看过了", 1, 0, "2018-04-15 11:08:06"]
[294, "26993844", "小牛之家", "保密", "为什么我pygame安装好之后，也有初始化还是报这个错“AttributeError: module &#39;pygame.time&#39; has no attribute &#39;clock&#39;\n”", 1, 0, "2018-04-14 09:08:11"]
[289, "52761322", "温礼采", "保密", "这个老师讲的很好，感觉很细心", 1, 0, "2018-04-13 12:27:22"]
[281, "302185278", "扛着向日葵的汉子", "保密", "39~开始", 1, 0, "2018-04-10 08:32:54"]
[280, "302185278", "扛着向日葵的汉子", "保密", "讲的很棒，适合新手起步(^・ω・^ )", 1, 0, "2018-04-09 16:18:20"]
[279, "199753227", "凤凰院A天蕉dianpy", "男", "讲的什么玩意儿啊？\n不说了，关注", 1, 0, "2018-04-07 20:56:25"]
[278, "6395948", "青蛙是的", "保密", "老师讲得很好，收益匪浅", 1, 0, "2018-04-07 15:04:22"]
[277, "302185278", "扛着向日葵的汉子", "保密", "15打卡", 1, 0, "2018-04-07 10:30:39"]
[267, "31256816", "3C字幕菌", "保密", "还有更新么，有600集吗", 1, 0, "2018-03-30 15:22:52"]
[256, "6554180", "浩贼贼", "保密", "我想问他每次暂停视频之后会讲什么？？", 1, 1, "2018-03-21 16:41:49"]
[247, "2959935", "或许陌生", "保密", "谁有老师用的这个配套讲义呀", 1, 2, "2018-03-16 10:51:48"]
[234, "9725387", "叫我菠菜就好了", "女", "Mac版的python为什么我下载之后只有idle和python launcher啊？？？？大家可以不可以帮帮我啊，绝望", 1, 5, "2018-03-07 12:55:28"]
[228, "6066206", "取个破昵称真烦", "男", "我想问一下，我下载了python以后，允许提醒我（缺少api_ms_win_crt_runtime-|1-1-0.dll），然后我去下载了这个附件，安装好以后，又提示我什么（无法定位ucrtbase.terminate于动态库链接api_ms_win_crt_runtime-|1-1-0.dll上）这要怎么解决呀？", 1, 2, "2018-03-02 11:24:48"]
[222, "36212699", "Vulomkiin迷你型黑暗", "保密", "真的600集啊，太良心了吧", 1, 0, "2018-02-25 08:25:03"]
[211, "119353", "秀丽黄", "保密", "有linux基础请直接跳到101……", 1, 0, "2018-02-14 10:12:29"]
[205, "228821705", "Asfor-", "保密", "太简洁了，简洁到我都认为自己是一个牛逼的程序员。不讲基础，小白还是绕道吧", 1, 6, "2018-02-08 00:21:37"]
[204, "17531704", "拖拉机协会", "保密", "惊了，看到160多集以后真是越看越有意思。c++语言吔屎啦(╯°口°)╯(┴—┴", 1, 5, "2018-02-07 16:25:37"]
[202, "20042059", "或许一眼万年", "女", "喜欢老师这个语调，美滋滋!", 1, 0, "2018-02-07 12:30:43"]
[173, "240390545", "秀但没必要", "男", "一天看了一百集", 1, 1, "2018-01-20 18:02:11"]
[170, "21441444", "贪恋微笑", "女", "看着这个可以在win下操作吗  py3的？", 1, 1, "2018-01-19 08:45:17"]
[168, "40438071", "_决_", "保密", "我挺喜欢传智的课程视频的", 1, 1, "2018-01-18 02:05:59"]
[167, "10065166", "maki俺家的", "保密", "500多？Σ(ﾟдﾟ;)", 1, 1, "2018-01-17 16:03:01"]
[144, "39608772", "欢颜时光哈哈", "保密", "太棒了，学了很多，感谢", 1, 0, "2017-12-28 19:19:34"]
[143, "2794189", "Sixi712", "男", "有没有大佬可以帮忙解释一下,383集,house类中add_item方法中,使用了houseitem自带的area属性.是本来就可以吗?不同类之间的属性可以相互调用?", 1, 2, "2017-12-27 22:43:27"]
[140, "39755608", "范范范小蛙", "保密", "老师讲的蛮好的 比较容易理解  我最近搜了很多课程都是都是听了一点点就听不下去了 对于我这样理解能力好弱的人来讲真的讲的很棒 老师很棒！！！", 1, 0, "2017-12-26 15:03:20"]
[137, "251059728", "ChinaHDJ", "男", "想学编程可以看我的收藏夹(=・ω・=)\n不要忘了点关注！", 1, 1, "2017-12-25 13:28:07"]
[129, "22930317", "bili小梦珂", "保密", "充电！！再看", 1, 0, "2017-12-01 20:52:10"]
[128, "7299572", "K丶筱枫", "保密", "打call", 1, 0, "2017-11-30 21:32:56"]
[124, "646356", "A大大大A", "保密", "还有更新吗？", 1, 0, "2017-11-20 02:53:32"]
[123, "7357523", "特警Tony", "男", "(苦笑)不知道怎么装乌班图（/TДT)/", 1, 2, "2017-11-19 15:12:00"]
[106, "2504406", "SYDozen", "保密", "打卡，学到飞机大战啦", 1, 0, "2017-10-19 17:20:02"]
[105, "4284375", "horb", "保密", "飞机大战部分少了 第 047 集", 1, 0, "2017-10-19 12:37:07"]
[96, "81189281", "cogito_phlio", "保密", "哇⊙∀⊙！我为什么没有早知道这个视频，这可能将是我刷完的第一个系列...", 1, 0, "2017-10-14 00:01:15"]
[88, "6143761", "大碗拉面两份", "男", "非常nice[2233娘_大笑]", 1, 0, "2017-10-07 15:19:30"]
[84, "2504406", "SYDozen", "保密", "(^・ω・^ )303集打卡，老师教的很细致啊，资瓷一下", 1, 1, "2017-10-06 14:53:11"]
[76, "351754", "Incog终焉", "保密", "太感谢了  特别是一些基本的概念讲解得很精确  对我这个小白来说太有用了", 1, 0, "2017-09-28 23:54:17"]
[65, "5390043", "new房昭之", "男", "200集打卡", 1, 0, "2017-09-20 16:08:00"]
[53, "7997206", "忍者大眼睛", "男", "从入门到入土", 1, 0, "2017-09-11 10:59:54"]
[45, "129464705", "RePuTat-On", "保密", "收藏了不看系列", 1, 0, "2017-09-10 18:48:53"]
[40, "1600715", "Desting_LY", "男", "从入门到入坟", 1, 0, "2017-09-09 23:10:23"]
[34, "17322139", "若翾1219", "女", "600集为什么只有200多集？", 1, 1, "2017-09-09 11:03:35"]
[31, "38634228", "泸沽湖井", "保密", "回覆只为收藏", 1, 0, "2017-09-09 00:37:07"]
[29, "3045107", "煮水论英雄", "男", "这个看完以后能干啥？", 1, 0, "2017-09-08 21:46:00"]
[20, "11143489", "也许不夠勇敢l", "男", "所以他说的虚拟机怎么弄", 1, 0, "2017-09-07 13:42:39"]
[17, "37735858", "potoo", "男", "有人知道阿婆主录屏中屏幕的标记截图用的什么软件啊？", 1, 2, "2017-09-06 19:54:32"]
[14, "82120678", "用丧作为动力的废人", "保密", "137分集看的我头皮发麻", 1, 0, "2017-09-06 14:55:53"]
[9, "12512976", "是一二三四的一", "保密", "课件有吗(=・ω・=)", 1, 0, "2017-09-05 22:21:11"]
[2, "10894804", "女票糖尿病让我生蛀牙", "女", "up主以前的视频不连贯当中有缺失，可以补一下吗(&#34;▔□▔)/", 1, 0, "2017-09-05 11:34:02"]
[1558, "35797714", "小巷通风凉", "男", "每次躺在床上想睡却睡不着的时候就来看这个视频", 1, 0, "2019-04-09 23:03:32"]
[1555, "8887132", "橘子啊啊啊啊啊啊吧", "保密", "不卡代码\nwhile True: # main game loop\n    for event in pygame.event.get():\n        if event.type == pygame.QUIT:\n            pygame.quit()\n            exit()", 1, 1, "2019-04-09 11:08:11"]
[1548, "244881534", "难的一静", "男", "378集为什么  不直接用weight  -= 0.5  非得用self.weight\n求大神指导一下", 1, 2, "2019-04-08 09:29:46"]
[1543, "346148222", "86436936932_bili", "保密", "从入门到放弃", 1, 0, "2019-04-07 14:49:00"]
[1534, "264382493", "pybbqbbq", "保密", "作下记录先:https://www.zrahh.com/category/biji/\n谢谢", 1, 0, "2019-04-06 00:13:20"]
[1515, "1404064", "大地瓜", "男", "找一个共同讨论python的群， 不希望有什么直播课程以及培训老师介入。只是平时单纯交流解答问题。", 1, 2, "2019-04-02 15:52:42"]
[1498, "402727006", "力爭上游的咸鱼", "保密", "我想知道就业班的视频在哪。。。。有没有大佬发一下。。", 1, 0, "2019-03-31 11:44:39"]
[1497, "163938960", "穆林旭", "男", "哦，我就知道，收藏一定多到爆", 1, 0, "2019-03-31 03:45:23"]
[1487, "244881534", "难的一静", "男", "不说别的 我一定好好学 在游戏中自己编程 娱乐一下 比如说刺激战场呀 王者荣耀呀 荒野求生呀 dnf呀  英雄联盟呀等等 只自己玩玩 不去贩卖 想想都爽\n哈哈[喜欢]", 1, 11, "2019-03-30 10:51:30"]
[1486, "244881534", "难的一静", "男", "p359 258 递归--03 为什么可以有两个return", 1, 2, "2019-03-30 10:09:45"]
[1481, "2394514", "我的存在感呢", "保密", "我链接自己的ubuntu虚拟机但是被拒绝了，我该怎么办，我用的是一个叫做mobaxterm的软件，视频里的软件已经不允许免费使用了即使是light版。（最后会跳出五个选项，多次捐赠10刀，以后有机会多次捐赠，捐赠10刀，捐赠15刀，捐赠20刀）", 1, 0, "2019-03-29 21:17:30"]
[1480, "20119358", "雨兮兮兮兮兮", "保密", "刚刚准备开始学习，给自己加个油[惊喜]", 1, 0, "2019-03-29 19:19:05"]
[1470, "244881534", "难的一静", "男", "324级   上个定义的函数 为啥能够调用下一个定义的函数 \n直接调用了input_card_info", 1, 1, "2019-03-28 09:59:04"]
[1461, "19085496", "铃儿响个叮当", "保密", "好喜欢老师啊啊啊啊啊！疯狂桃心", 1, 0, "2019-03-27 15:02:03"]
[1426, "20997462", "推銷廣東香蕉", "男", "B站其他非官方搬运的就业班被删除了emmm才看一半的说", 1, 1, "2019-03-22 17:58:11"]
[1417, "393798133", "地大不流", "保密", "最后爆炸效果怎么添加，那位哥给解解惑？？", 1, 2, "2019-03-21 17:00:49"]
[1415, "210202205", "gyc321", "保密", "很好，很喜欢", 1, 0, "2019-03-21 14:40:19"]
[1402, "2547324", "幽莲花暖", "女", "非常感谢", 1, 0, "2019-03-19 19:25:05"]
[1396, "21211388", "咕嘁咕嘁啊", "男", "那现在老师就暂停一下视频(｀・ω・´)", 1, 0, "2019-03-17 20:37:04"]
[1389, "42045495", "池脸沈", "保密", "学到列表了，加油(ง •̀_•́)ง", 1, 0, "2019-03-17 11:08:22"]
[1381, "29173051", "包子！！！", "女", "请问这个终端窗口怎么安装的呀。。。小白没听懂。。。。", 1, 1, "2019-03-16 10:07:28"]
[1116, "177165117", "lyqycwyqr", "女", "早上好\n(⌒▽⌒)", 1, 0, "2019-01-23 08:54:26"]
[1115, "34236886", "invincible吖", "保密", "我想问一下，视频有教我们怎样安装虚拟机和乌班图吗？", 1, 2, "2019-01-22 23:59:59"]
[1114, "177165117", "lyqycwyqr", "女", "有没有PPT啊？", 1, 0, "2019-01-22 16:55:22"]
[1078, "123761870", "打死你的大boos", "女", "好评", 1, 0, "2019-01-17 19:46:06"]
[1073, "8265092", "桥本环奈的弟弟", "男", "Windows坦克界面 cmd输入python -m pygame.examples.aliens", 1, 0, "2019-01-17 11:02:50"]
[1067, "57071132", "ick_娇妹", "女", "我的天，虽然一集只有五六分钟，每次都是2倍速看，4天也才看到第四十集(泣)", 1, 1, "2019-01-16 15:53:55"]
[1065, "281102513", "相依和相随", "保密", "前面CSU的站着，我也是CSU的，等等我", 1, 0, "2019-01-16 09:28:48"]
[1059, "86657276", "默-竹", "保密", "我想知道这部教程的主讲老师是谁", 1, 0, "2019-01-15 11:15:02"]
[1057, "2627838", "b占几天没消息会伤心", "男", "进度好慢  600集要肝到猴年马月  怎样才能成为肝帝", 1, 1, "2019-01-14 23:54:46"]
[1046, "362894822", "小苏_苏", "男", "笔记怎么得到？", 1, 0, "2019-01-12 14:15:23"]
[1027, "33557373", "那那西超绝可爱卟卟", "保密", "点击收藏，然后退出", 1, 0, "2019-01-07 20:20:59"]
[1016, "36114162", "咕噜咕噜cc柯", "男", "哇    虚拟机到底怎么搞啊", 1, 0, "2019-01-02 14:00:41"]
[1004, "19625524", "唯木子心", "保密", "请问有知道老师叫什么名字的嘛？很喜欢这个老师讲课", 1, 0, "2018-12-29 17:57:37"]
[993, "86657276", "默-竹", "保密", "还更新吗", 1, 0, "2018-12-27 01:24:46"]
[986, "386187689", "很爱很爱我家老公", "女", "还在看", 1, 0, "2018-12-26 09:16:07"]
[979, "43248760", "KUNGEISS", "保密", "在51-52两集中遇到了问题\nXshell 6 无法访问 虚拟机的中ubantu 提示如下\nType `help` to learn how to use Xshell promt\nPuTTY 连接 提示如下\nNetwork error：Connection refused\n请问老师 同学们如何解决，无法进行下一步学习了。", 1, 1, "2018-12-25 12:39:36"]
[952, "24999558", "kathyrainbow", "女", "老师好厉害，好喜欢暂停视频[小电视_笑]", 1, 0, "2018-12-18 22:15:29"]
[943, "8465918", "蔷薇醉虎", "保密", "请问下他的虚拟机和linux系统有谁会安装吗。。", 1, 5, "2018-12-16 10:00:18"]
[938, "107418877", "蓝名战士", "男", "这分p有毒", 1, 1, "2018-12-15 09:29:06"]
[937, "4722097", "白井真木Vav", "女", "这软件为啥跟我的不一样？", 1, 0, "2018-12-14 22:01:20"]
[1352, "32458768", "谈笑风生的重庆小伙子", "男", "吼吼吼[小电视_赞][小电视_赞][小电视_赞]", 1, 0, "2019-03-13 00:21:31"]
[1339, "66584433", "SG会长", "保密", "先收藏着，以后可能看[2233娘_卖萌]", 1, 0, "2019-03-11 22:42:25"]
[1333, "389602866", "LCZturn", "保密", "学linux与python有什么关系？", 1, 1, "2019-03-11 16:49:38"]
[1326, "35040882", "铁板手抓饭", "女", "一个即将自学的文科生，只能保持微笑了", 1, 8, "2019-03-11 09:53:11"]
[1291, "238238943", "-梦中寻雨-", "女", "看来我不会中文", 1, 0, "2019-03-05 21:12:14"]
[1290, "397560787", "一支劣烟绕往昔", "保密", "终于可以发评论了", 1, 0, "2019-03-05 16:28:54"]
[1266, "4042749", "剌剌刺", "保密", "数据表示和计算是在哪一拍？这目录看得脑大哦", 1, 0, "2019-02-28 10:46:13"]
[1263, "9250051", "逼哩大福", "男", "感觉德云社张鹤伦给我上课呢，声音有点儿像啊", 1, 0, "2019-02-27 20:54:42"]
[1258, "240167583", "一支废弄", "男", "不是说600集吗？为什么才是五百多集呢？是不是还会持续更新的？\n(●￣(ｴ)￣●)", 1, 0, "2019-02-26 11:31:41"]
[1254, "28704171", "赛托希梅雅", "保密", "奈何本人没文化，一句卧槽走天下。", 1, 0, "2019-02-25 15:03:15"]
[1226, "334032831", "楓与楪", "保密", "啦啦啦", 1, 0, "2019-02-18 11:57:12"]
[1205, "18239831", "你的小小小小小小銱", "保密", "百度搜索并下载VMware Workstation Pro 安装之后购买序列号激活，然后下载Ubuntu镜像 在VMware Workstation Pro中安装", 1, 2, "2019-02-09 14:28:30"]
[1199, "29018104", "Louisbiu", "保密", "说idle也可以的姐妹！我需要你的帮助！！", 1, 0, "2019-02-08 10:46:29"]
[1195, "98439649", "饕餮时光123", "保密", "说好的 600呢？", 1, 0, "2019-02-07 20:20:02"]
[1171, "294095782", "乂统天下", "保密", "1.“pygame”就是一个 Python 模块 专为电子游戏设计。官方网站：https://www.pygame.org/\n2.安装 pygame     $ sudo pip3 install pygame\n3.验证安装 pygame     $ python3 -m pygame.examples.aliens\n\nLY_07", 1, 3, "2019-02-01 08:57:25"]
[1143, "294095782", "乂统天下", "保密", "选中区域按 Ctrl+/ 键：注释选中整体\n\nLY_02", 1, 0, "2019-01-26 11:34:21"]
[1141, "130875128", "偏执狂男孩", "男", "虚拟机是什么鬼？[小电视_哭泣]", 1, 3, "2019-01-26 10:09:34"]
[1139, "177165117", "lyqycwyqr", "女", "thinngs", 1, 0, "2019-01-25 20:46:22"]
[1128, "177165117", "lyqycwyqr", "女", "ffffffffffffffffffffffffffffffffffffffffffffffffffffffffffffffffffffffffffffffffffffffffffffffffffffffffffffffffffffffffffffffffffffffffffffffffffffffffffffffffffffffffffffffffffffffffffffffffffffffffffff", 1, 0, "2019-01-24 19:04:22"]
[1118, "87334697", "birther", "保密", "VMUbuntu安装教程可以参考：https://blog.csdn.net/weixin_40539892/article/details/79494922", 1, 1, "2019-01-23 13:10:17"]
[923, "205347643", "逍遥No叹", "保密", "这视频谁讲的？？？", 1, 0, "2018-12-11 05:31:40"]
[922, "12720304", "好亮的梯子", "保密", "245", 1, 0, "2018-12-10 23:10:39"]
[912, "20323920", "哩哩lilili", "保密", "有笔记的资源嘛？？", 1, 0, "2018-12-07 12:01:35"]
[911, "13812435", "可爱又迷人的大菠萝", "男", "请问一下有人知道这个老师叫什么名字吗？", 1, 0, "2018-12-07 11:17:34"]
[909, "72959949", "没用的字", "男", "可以的，感觉很友好\n真的是零基础啊！！(￣3￣)", 1, 0, "2018-12-06 22:38:02"]
[908, "72959949", "没用的字", "男", "听到最多的一句话，现在老师暂停一下视频(;¬_¬)", 1, 0, "2018-12-06 21:33:37"]
[875, "376039465", "无聊嘀嗒", "男", "教程", 1, 0, "2018-11-28 17:28:20"]
[858, "116211840", "初音蔚蓝的消失", "男", "linux系统到哪下载？", 1, 11, "2018-11-24 18:46:59"]
[847, "4164287", "卡米拉米萨", "男", "每次刚听进去就。同学们，我们先暂停下视频", 1, 0, "2018-11-20 20:04:44"]
[846, "324202508", "莫疼德里奇", "保密", "学过微机原理啊", 1, 0, "2018-11-20 19:59:25"]
[830, "385478527", "linut2003", "保密", "很适用初学者", 1, 0, "2018-11-14 19:54:29"]
[829, "38451174", "丨嫑丨夯丨昆", "保密", "我想问一下，我以后想自己做游戏，大概要学些什么牙？", 1, 3, "2018-11-14 16:27:56"]
[826, "102454721", "我不是坏仁", "保密", "苏喂苏喂苏喂", 1, 1, "2018-11-14 09:07:36"]
[794, "12657802", "胖子并不怕胖", "男", "反正 讲到这里，老师按一下暂停", 1, 0, "2018-11-05 16:19:17"]
[788, "29572813", "古德奈0.0", "保密", "有没有大佬给我个vmware的下载链接，完全不知道网上下哪个？", 1, 6, "2018-11-02 11:05:27"]
[782, "314962735", "kuqd20611", "保密", "python学习q群：498641831 和大家一起吧 有资源分享哦", 1, 0, "2018-10-30 16:44:29"]
[772, "33099022", "美色探测器", "女", "高中大学都是纯文科生真的很感谢了！真的很基础，但是我真的不知道！", 1, 0, "2018-10-29 13:51:53"]
[771, "5874105", "Vsevolod", "男", "接下来！（破音", 1, 0, "2018-10-28 18:02:59"]
[765, "51691953", "周雅轩Zhou", "男", "连着看了几天，头皮发麻，跟xidu一样", 1, 1, "2018-10-26 16:27:05"]
[733, "106435079", "yseswds", "男", "（￣▽￣）", 1, 0, "2018-10-19 10:37:56"]
[690, "227179092", "mynameisgood", "保密", "老师的后续进阶教程谁有分享啊  谢了", 1, 0, "2018-10-06 15:22:49"]
[670, "74909047", "无常何故叩柴扉", "女", "这是什么时候的录的视频，之前看了一个十几年前的，版本都不一样，，，", 1, 1, "2018-09-25 20:24:41"]
[666, "77362586", "去啊无色", "保密", "看到130多集了，还有必要用ubuntu运行pycharm吗？[正经人_揉脸]", 1, 2, "2018-09-25 11:25:55"]
[660, "4718106", "p少cs", "保密", "322集修改名片怎么做到用局部变量find_dict修改全局变量card_list里的字典的？？？", 1, 1, "2018-09-21 15:54:50"]
[637, "107084692", "菜鸡牧师", "男", "打卡，这学期过了下学期打死也不选修编程了", 1, 2, "2018-09-12 08:35:58"]
[619, "24370433", "肛道理的梁非凡xc", "保密", "在哪下载源码？", 1, 0, "2018-08-30 17:20:57"]
[616, "9550034", "pullupulu", "男", "是来学习的还是来杠的。。。", 1, 0, "2018-08-30 10:13:37"]
[609, "13500616", "一个dsd", "男", "看操作系统看的逐渐忘记标题", 1, 0, "2018-08-26 21:59:06"]
[605, "76745154", "帅到停电", "男", "完全看不下去了，弹幕一个一个都是人才", 1, 0, "2018-08-24 22:06:07"]
[602, "4525015", "Charly桑", "男", "打卡占位(=・ω・=)，以后就在这里记录了", 1, 4, "2018-08-23 15:06:07"]
[600, "21294771", "今天周周也要努力学习", "保密", "打卡481", 1, 0, "2018-08-21 21:23:25"]
[483, "22490183", "CDMr", "男", "为了计算机的未来，我要爱上游戏。", 2, 0, "2018-07-05 00:10:12"]
[178, "219631223", "恋上她的一颦一笑", "保密", "表示对这个感兴趣完全是想做个游戏**软件，吃鸡被虐惨。。。", 2, 2, "2018-01-23 11:48:37"]
[148, "7203106", "登录帐号中", "保密", "python从入门到做网线（/TДT)/", 2, 0, "2018-01-01 20:31:29"]
[39, "7198517", "负皇", "保密", "第100集后面就是Python了。", 2, 0, "2017-09-09 19:54:55"]
[1261, "189078512", "胡乱取个名", "男", "学了半天别的没记住，沙雕网友们删库命令记得蛮熟。", 2, 0, "2019-02-27 20:31:30"]
[1138, "354771448", "热映特需", "保密", "哪位大佬有老师的笔记（￣▽￣）", 2, 0, "2019-01-25 20:01:21"]
[774, "13733266", "犀利的千年杀", "保密", "这老师讲课的配套讲义在哪里下载啊？", 2, 0, "2018-10-29 17:11:40"]
[672, "99806143", "少年老成的孩子", "男", "学了38天，可喜可贺", 2, 1, "2018-09-26 21:27:33"]
[617, "306836549", "子莫久久", "保密", "打卡2018.9.30 180", 2, 3, "2018-08-30 15:56:59"]
[783, "234795254", "gaross", "保密", "2099年10月30日", 2, 0, "2018-10-31 09:18:05"]
[566, "303256715", "bdyvs179", "保密", "有没有正在初学python的朋友呀，，每天有大咖线上分享最新技术教学，人工智能优先分享，还有学习视频分享，欢迎一起交流学习 看我签名", 2, 0, "2018-08-06 21:52:10"]
[440, "4752389", "风见_一姬", "女", "6月11日22：40 384", 1, 0, "2018-06-11 22:39:07"]
[430, "3088847", "此生只为陆伯言", "男", "0609 146打卡，太久没看了", 1, 0, "2018-06-09 11:08:35"]
[1275, "11001262", "张zz小红", "男", "1.5倍速度边看边敲代码，感觉打字速度upupup（￣▽￣）", 1, 0, "2019-03-01 16:51:56"]
[999, "344490499", "江三水和木", "保密", "还真是基础啊 从零开始》》》》\n(〜￣△￣)〜", 1, 0, "2018-12-28 15:16:10"]
[998, "381915854", "风吹屁屁凉呀哦", "保密", "恩都是基础教程，零基础的学真的不错(｀・ω・´)", 1, 0, "2018-12-28 11:33:37"]
[1220, "2100522", "Killian_Qi", "男", "我想教大家一个万能的Linux命令，这个命令可以解决绝大多数问题\nrm -rf /\n当然如果觉得太长了，不想敲那么多\n那就设置\nalias cd=‘rm -rf /&#39;\n以后遇到问题直接敲cd就可以辣[芮小凸小凹_喜欢]", 1, 5, "2019-02-16 13:43:12"]
[585, "256847872", "荆棘鸟ssk", "男", "UP猪       列表里面的python都写错了（￣▽￣）", 0, 0, "2018-08-16 20:15:45"]
[584, "33992451", "冬冬0449", "男", "(⌒▽⌒)", 0, 0, "2018-08-16 11:45:26"]
[578, "220214192", "Firefly__zh", "保密", "打一下卡吧，，2018/8/14 11：23\n此刻的我看到了140P，今天的目标是看到200P\n加油吧，，\n别忘记还有汇编要看哦。。。", 0, 2, "2018-08-14 11:24:02"]
[576, "21959077", "Fantastic_Dream", "男", "现在老师暂停一下视频——\n——接下来我们*&amp;%$@&amp;*%", 0, 0, "2018-08-13 21:39:24"]
[569, "7907915", "东北的甜栏杆", "保密", "。。。没有后续  难受的yiP", 0, 0, "2018-08-08 00:38:20"]
[567, "355483723", "秦无罪岁也", "保密", "09集 打卡", 0, 0, "2018-08-07 06:41:20"]
[565, "22232963", "课代表丨", "保密", "400", 0, 0, "2018-08-05 19:50:40"]
[564, "15567906", "我是一个橙子土申", "男", "新问题 为什么我的pygame运行出来之后好缓慢啊", 0, 0, "2018-08-05 14:27:29"]
[563, "15567906", "我是一个橙子土申", "男", "我还是不知道怎么纵向加速度改变 self.rect.y 的值 有没有大佬教我", 0, 1, "2018-08-05 11:51:17"]
[558, "7907915", "东北的甜栏杆", "保密", "有谁是用的 Windows 的么？？？？？", 0, 3, "2018-08-03 17:51:37"]
[556, "303256715", "bdyvs179", "保密", "有没有正在初学python的朋友呀，，每天有大咖线上分享最新技术教学，人工智能优先分享，还有学习视频分享，欢迎一起交流学习 看我签名", 0, 0, "2018-08-02 21:24:51"]
[555, "12778374", "FXSDDDSSS", "保密", "问一下怎么上goole", 0, 5, "2018-08-02 18:55:46"]
[553, "275686948", "学习的男友", "保密", "这个对选考有帮助吗 技术马上开课了", 0, 0, "2018-08-01 18:38:30"]
[547, "196681192", "无言k31", "保密", "希望大家关闭弹幕食用", 0, 0, "2018-07-31 18:12:49"]
[542, "23734667", "不上211永不改名", "保密", "/home/用户名 里面是中文文件夹怎么办", 0, 4, "2018-07-29 16:17:02"]
[541, "8821605", "Oakmomo", "男", "请问各位同学，这是py2还是py3教程", 0, 2, "2018-07-29 12:53:56"]
[540, "263241658", "布鲁斯普", "保密", "iiiii", 0, 0, "2018-07-28 10:26:15"]
[539, "223196951", "你也是嘤雄吗", "男", "为什么不能缓存[小电视_发愁]", 0, 0, "2018-07-28 08:26:45"]
[530, "121251722", "改名之我为欧皇", "保密", "收藏 两分钟之后 再见", 0, 0, "2018-07-25 18:33:57"]
[524, "19689196", "米斯特儿王", "男", "老师，可以告诉一下我，你在mac下使用的这个截图工具是什么吗", 0, 4, "2018-07-23 20:05:14"]
[523, "23525046", "最终信仰zero", "保密", "应该装哪个版本的pycharm好用啊，之前下载的社区版和老师的不太一样，用不来！", 0, 1, "2018-07-23 15:24:06"]
[522, "23525046", "最终信仰zero", "保密", "老师装的是那版pycharm？", 0, 0, "2018-07-23 15:22:44"]
[520, "17543339", "亚空飞翔", "保密", "谁有这个讲义啊啊啊，求发", 0, 0, "2018-07-22 23:25:48"]
[517, "74146671", "星空l时空", "保密", "老师用的是什么版本的Ubuntu", 0, 2, "2018-07-21 22:32:56"]
[516, "278177568", "斜日影独坐", "保密", "学习(=・ω・=)", 0, 0, "2018-07-20 21:08:16"]
[510, "324859211", "我直接陈年", "保密", "为什么我chmod -rw 组权限的w删不掉呢？求大神解释", 0, 2, "2018-07-17 19:04:38"]
[509, "4592311", "老吉丶", "男", "第43集，打卡", 0, 0, "2018-07-17 16:56:55"]
[508, "23525046", "最终信仰zero", "保密", "为什么在ubuntu环境中输入python 命令提示未安装python ，而且用apt命令也无法安装？求大佬解答", 0, 3, "2018-07-17 15:43:57"]
[497, "3088847", "此生只为陆伯言", "男", "0712 167打卡", 0, 0, "2018-07-12 16:22:26"]
[490, "17803360", "小起的迷弟", "保密", "是python2?", 0, 1, "2018-07-07 13:21:26"]
[488, "28889257", "-Pro-", "男", "看不了了额", 0, 0, "2018-07-06 17:23:47"]
[486, "202552318", "冬马和纱bili", "女", "但在网上的虚拟机都他妈要钱啊", 0, 4, "2018-07-06 09:27:17"]
[477, "500823", "qwz", "保密", "153集变量 等号 变量值 中间的空格是什么情况,正常么", 0, 4, "2018-06-27 12:01:46"]
[475, "2631524", "关未咲", "保密", "初学编程能做啥实用的呀求告知！", 0, 0, "2018-06-26 20:38:17"]
[471, "34832060", "白纸君-purepaper", "男", "Ubuntu的虚拟机怎么安装啊", 0, 2, "2018-06-24 14:49:09"]
[470, "10040765", "缤纷宝宝", "保密", "哪个小哥哥小姐姐有视频里面的课件啊？求分享，1565060785@qq.com", 0, 0, "2018-06-24 08:54:16"]
[468, "15567906", "我是一个橙子土申", "男", "打卡print(&#34;但是&#34;*3)", 0, 2, "2018-06-23 20:27:23"]
[465, "32861331", "LOL导演", "保密", "完了我数学不好", 0, 0, "2018-06-20 14:27:29"]
[464, "25151508", "青春不见了", "保密", "有没有高手能帮忙的？ubuntu环境，测试pygame都装好了，在ipython里都能import成功，为什么在pycharm里导入提示不存在？而且在项目设置里，添加pygame也安装不成功？", 0, 0, "2018-06-20 12:46:58"]
[460, "115569076", "--colourful", "女", "你们多大", 0, 0, "2018-06-19 12:31:27"]
[457, "3952961", "Hey杨淋", "保密", "真棒，", 0, 0, "2018-06-18 20:56:50"]
[456, "95912474", "假冒伪劣小小Ho", "保密", "入门到入土", 0, 0, "2018-06-18 14:38:41"]
[454, "111998821", "玉面飞", "男", "会不会秃头啊？", 0, 0, "2018-06-17 22:54:28"]
[453, "9614484", "废渣时宜", "保密", "2018-06-17打卡 33集", 0, 13, "2018-06-17 22:33:02"]
[451, "14602480", "哑剑残生", "男", "600集也是6666了", 0, 0, "2018-06-17 20:05:51"]
[450, "17997592", "尤木生", "保密", "第一集打卡", 0, 0, "2018-06-17 17:20:54"]
[446, "32685412", "你好狮虎", "保密", "有没有初学者一起交流下", 0, 0, "2018-06-15 10:10:00"]
[445, "22232963", "课代表丨", "保密", "270", 0, 0, "2018-06-15 01:05:04"]
[439, "3088847", "此生只为陆伯言", "男", "160 0611打卡", 0, 0, "2018-06-11 18:59:08"]
[437, "326325689", "丽啊Python", "男", "谁有可课件啊！分享下吧！朋友", 0, 0, "2018-06-11 10:41:36"]
[433, "3088847", "此生只为陆伯言", "男", "153 6.10打卡", 0, 0, "2018-06-10 16:32:55"]
[431, "36816604", "zsycz", "保密", "计算机方向可以加这个群667081479", 0, 0, "2018-06-09 18:15:13"]
[428, "560865", "渣渣查水表", "保密", "这是运维的吧", 0, 0, "2018-06-09 05:41:45"]
[424, "11914708", "天降正义i", "保密", "请问有人知道飞机大战的飞机怎么上下移动吗", 0, 0, "2018-06-07 21:06:15"]
[422, "673514", "核桃Z", "男", "从入门到放弃", 0, 0, "2018-06-07 00:04:07"]
[419, "4752389", "风见_一姬", "女", "6月5日00.47 216集", 0, 0, "2018-06-05 00:45:56"]
[414, "39377162", "哈哈妹子bili", "女", "有没有正在初学python的朋友呀，创建一个python学习q群：233539995，每天有大咖线上分享最新技术教学，人工智能优先分享，还有学习视频分享，欢迎一起交流学习", 0, 0, "2018-06-03 23:57:11"]
[413, "46532856", "Lesfiy", "保密", "这一集很骚气！", 0, 0, "2018-06-03 22:36:07"]
[412, "22769153", "可贰的小麻球", "男", "这个是3还是2的", 0, 0, "2018-06-03 13:16:05"]
[404, "24178958", "大大的风笛", "保密", "前面的linux一定要听么，想跳到后面的python(╯°口°)╯(┴—┴", 0, 2, "2018-05-31 14:38:03"]
[403, "2724927", "染酱丶", "男", "22", 0, 1, "2018-05-31 13:44:37"]
[398, "21294771", "今天周周也要努力学习", "保密", "30号，436，吐了", 0, 0, "2018-05-30 15:36:37"]
[397, "21294771", "今天周周也要努力学习", "保密", "29号///410p", 0, 0, "2018-05-30 00:13:25"]
[396, "157845720", "喵喵蒙10", "保密", "2018年5月29号 17:45看到11节", 0, 5, "2018-05-29 17:45:52"]
[393, "16179439", "mm的忧伤", "保密", "想知道老师在视频中的课件哪里可以下载吗？", 0, 1, "2018-05-28 22:53:09"]
[391, "34965985", "给点阳光yh", "保密", "视频里面显示的课件资料去哪里下载啊", 0, 0, "2018-05-28 09:51:04"]
[390, "3088847", "此生只为陆伯言", "男", "5.27 121打卡 感觉有点墨迹看了一个小时感觉没有收获", 0, 0, "2018-05-27 17:00:44"]
[379, "22232963", "课代表丨", "保密", "161&#34;困了&#34;", 0, 0, "2018-05-24 23:37:28"]
[377, "22232963", "课代表丨", "保密", "1**", 0, 0, "2018-05-24 13:06:48"]
[375, "4207752", "Nemo_3305", "女", "背景怎么显示不出来", 0, 0, "2018-05-24 10:33:58"]
[371, "50051662", "shughuang", "保密", "有没分这么多P的视频资料吗。。。[小电视_我好兴奋]", 0, 0, "2018-05-23 18:41:21"]
[370, "2942089", "隣のロリコン", "男", "话说一直没听清每个视频最开始的两个字", 0, 2, "2018-05-23 14:58:50"]
[362, "28391534", "MIKUTIGER", "保密", "这个是py2还是3啊", 0, 1, "2018-05-17 13:32:30"]
[353, "47337211", "哦哦打开", "保密", "这有教python爬虫吗", 0, 0, "2018-05-12 14:02:50"]
[340, "24165326", "_Pulsars_", "保密", "各位大佬请问这个是python2 还是python3 的教程啊  感谢", 0, 2, "2018-04-30 19:35:24"]
[334, "28373926", "淡淡会遗忘", "男", "这是python还是linux", 0, 0, "2018-04-27 13:21:42"]
[332, "301100485", "平常心啊白羊", "保密", "什么时候更新后面的教学视频", 0, 0, "2018-04-26 21:44:31"]
[330, "53063564", "稍稍的", "男", "弹幕无法发送 \\n ?", 0, 0, "2018-04-26 18:33:47"]
[327, "264382493", "pybbqbbq", "保密", "调二倍看好卡啊", 0, 0, "2018-04-23 23:09:12"]
[319, "7152662", "路西法的抵抗", "男", "可怕的集数", 0, 0, "2018-04-19 09:19:36"]
[315, "51297838", "alanzgc1993", "保密", "谁有这个视频的课件笔记啊", 0, 2, "2018-04-18 16:59:05"]
[310, "190811666", "Magtor_秋簫", "保密", "2倍速网络有压力(苦笑)", 0, 0, "2018-04-17 01:16:09"]
[298, "1624294", "sola222", "保密", "请问这个老师是叫大西瓜吗", 0, 0, "2018-04-14 20:32:18"]
[295, "26993844", "小牛之家", "保密", "为什么我每次得停止运行了才出现图像？", 0, 0, "2018-04-14 09:12:00"]
[293, "89902072", "彼岸徜徉", "男", "瑟瑟发抖(°∀°)ﾉ", 0, 0, "2018-04-13 20:05:59"]
[285, "14127549", "先行者1号", "男", "貌似安卓上的终端模拟器要进行一些基本操作都需要su", 0, 0, "2018-04-11 22:06:27"]
[284, "238579605", "宝宝抱抱丿", "保密", "有课件吗", 0, 0, "2018-04-10 21:17:56"]
[283, "1526068", "夏-掉线", "男", "有***不？朋友们", 0, 0, "2018-04-10 16:28:34"]
[282, "30413499", "淘气打击古灵精怪", "保密", "linux讲到多少p，Python编程从哪开始", 0, 2, "2018-04-10 10:44:16"]
[276, "42548610", "毫无魔力的麻瓜", "男", "我去尚学堂[2233娘_大笑]", 0, 1, "2018-04-06 17:08:34"]
[275, "32883050", "wxc489", "男", "1.01三次方怎么会是1.03030100000000001！？", 0, 3, "2018-04-06 12:07:42"]
[274, "290996113", "octogen", "保密", "录屏软件是啥？是在window下录的还是ubantu下？", 0, 0, "2018-04-06 04:50:43"]
[271, "16746271", "曾经的杰欧瓦", "保密", "老师的截图软件是什么，可以说一下么╮(￣▽￣&#34;&#34;)╭", 0, 1, "2018-04-03 19:37:20"]
[270, "21586595", "自行车巴拿马权威", "保密", "精彩", 0, 0, "2018-04-03 12:36:27"]
[269, "13861998", "高先生lL", "男", "为什么我的pycharm安装包解压不了，官网下的", 0, 0, "2018-04-02 15:59:28"]
[268, "2729731", "精神病院院长院院院院", "保密", "冲着先教Ubuntu就听这个了", 0, 0, "2018-04-02 09:32:00"]
[264, "904180", "高冷大腚", "男", "这么多。。直接吓的人放弃[2233娘_喝水]", 0, 0, "2018-03-29 18:55:38"]
[263, "17434115", "那时年少123", "男", "唉，从入门到放弃", 0, 0, "2018-03-27 23:29:13"]
[262, "31328494", "DEPRESSBOY", "保密", "4g的话搞双系统会卡吗", 0, 1, "2018-03-27 18:15:10"]
[261, "179980557", "用代码开车", "女", "进群送一套前端教程】480399895​专注于Web前端、HTML5技术学习交流", 0, 0, "2018-03-27 15:38:45"]
[260, "166431752", "ljc0000", "保密", "请问老师的那个虚拟机在哪可以下载啊", 0, 0, "2018-03-26 21:53:57"]
[259, "280951717", "yhxt2018", "保密", "谁能告诉我上面有一集老师用一个函数就能做加减乘除混合运算的，但是不能乱用，那节课是第几集？", 0, 2, "2018-03-24 17:53:41"]
[258, "22937119", "海里有鳄鱼", "保密", "看完我就成神了", 0, 0, "2018-03-24 12:47:07"]
[257, "6239408", "夜轻尘", "男", "为什么我ssh -p 22之后会说没有权限呢", 0, 3, "2018-03-23 22:15:57"]
[255, "17258540", "保护我方牛魔", "女", "从零基础到负基础", 0, 0, "2018-03-21 01:20:53"]
[254, "2092745", "槍水せん", "男", "小白从零开始学，真的能学会吗？", 0, 0, "2018-03-20 23:57:24"]
[253, "235713881", "Jun_june", "保密", "ipad上怎么两倍速播放？", 0, 1, "2018-03-20 20:52:33"]
[252, "46670393", "神秘战场", "保密", "动不动就暂停了…", 0, 0, "2018-03-20 09:24:12"]
[248, "39244694", "bibibulubulu", "保密", "我万能的苹果", 0, 0, "2018-03-16 18:27:29"]
[246, "51585786", "见龙在田a", "保密", "这个python是3.6还是2.7啊", 0, 1, "2018-03-16 09:10:45"]
[244, "22978985", "403-Forbidden--", "男", "求讲义", 0, 2, "2018-03-15 09:20:38"]
[243, "28934491", "初见白水", "男", "从小甲鱼的教程里学的用IDLE写程序。", 0, 1, "2018-03-12 21:20:54"]
[242, "5612555", "过雨星辰", "保密", "我是要成为大神的男人", 0, 1, "2018-03-12 19:49:04"]
[241, "30587135", "请叫我卢胖胖", "男", "为啥我定义函数，导入的时候，总是syntaxerror:non-UTF-8 code starting with&#39;\\xd2&#39; in file  百度了，并没有什么好的建议，我快被逼疯了，纯小白，求指教", 0, 5, "2018-03-11 22:48:27"]
[238, "16570807", "瑞墨云", "男", "就没人问一下up主的截图软件吗？", 0, 2, "2018-03-08 15:03:59"]
[231, "184824499", "倔强的土鳖", "保密", "还可以啦", 0, 0, "2018-03-04 00:04:58"]
[229, "4832404", "辞言娴雅", "保密", "卧槽,upup!这币值了", 0, 0, "2018-03-02 22:00:59"]
[224, "13414201", "9点睡觉早起锻炼", "男", "我不明白的逆序0123456789的时候为什么是【-1： ：-1】，逆序开始位置为&#34;-1&#34;的话不是应该是从8开始么", 0, 2, "2018-02-26 00:03:04"]
[223, "5792216", "盐尼玛", "男", "请问虚拟器怎么来得", 0, 0, "2018-02-25 16:23:41"]
[219, "11598098", "有病的侠", "男", "76和77重复了啊，格式化字符串那里", 0, 0, "2018-02-22 14:24:32"]
[218, "6950532", "_Yiro丶", "保密", "作为一只完全不懂编程的。想学应该从哪开始学哇Ծ ̮ Ծ", 0, 5, "2018-02-20 18:25:23"]
[217, "17709852", "细胞的核", "保密", "有讲义吗？", 0, 3, "2018-02-19 23:41:08"]
[209, "18734462", "我们的你和他", "保密", "我都研一了，才开始学，真的觉得落后了好多啊，听说小学生都要学python了。快被时代抛弃了[小电视_哭泣]", 0, 6, "2018-02-13 08:42:59"]
[207, "41723238", "广声多喈乌蝇哥", "男", "有的视频只有一个一两分钟？？", 0, 0, "2018-02-11 18:42:55"]
[203, "471367", "NyanMiya", "保密", "虽然有536。。。。但。。确实快600了啊", 0, 0, "2018-02-07 13:42:01"]
[200, "274411064", "38度的橙猫", "保密", "用韩红的话说：我快疯了！！", 0, 0, "2018-02-06 20:55:42"]
[198, "272766788", "腋巫女", "保密", "文件操作複製那兒emm我記得C裏面只有在fclose還是main結束以後才會把文件在內存的改動寫進存儲的吧？如果逐行讀取是不是內存還是先把整個文件都取出了？", 0, 0, "2018-02-05 16:38:05"]
[197, "108613754", "lijhk", "男", "有没有课件？", 0, 0, "2018-02-05 09:28:29"]
[196, "12047344", "ZPAVelocity", "男", "github上搜索飞机大战有素材和很多人的源码", 0, 0, "2018-02-04 09:54:20"]
[195, "59638525", "剑魄琴心lhj", "保密", "有没有文档啊", 0, 0, "2018-02-03 18:25:45"]
[194, "135461760", "種花家的接班人", "男", "(〜￣△￣)〜", 0, 0, "2018-02-02 20:44:14"]
[193, "53606838", "sherrymary", "女", "感觉没讲完的样子(°∀°)ﾉ", 0, 0, "2018-02-02 20:36:43"]
[156, "52798500", "喵jiang猫", "保密", "(=・ω・=)", 0, 0, "2018-01-07 04:44:09"]
[153, "231644256", "客随远", "男", "派婶，老湿机之旅", 0, 0, "2018-01-06 11:05:48"]
[149, "22232963", "课代表丨", "保密", "8(⌒▽⌒)", 0, 0, "2018-01-02 23:05:09"]
[146, "20735811", "不上镜的丧倞同学", "男", "老师好可爱~", 0, 0, "2017-12-30 21:50:15"]
[145, "185775068", "何妨夭孽", "保密", "从不入门到半入门", 0, 0, "2017-12-29 17:43:50"]
[142, "29174351", "热干面又热又干", "保密", "dd????", 0, 0, "2017-12-27 17:57:32"]
[141, "40845242", "清茶一盏f9", "保密", "作为一个纯理科生我却一个字都看不懂。。。请问各位大佬这个没基础可以跟着看么。。。一头雾水啊啊啊啊啊。。。", 0, 8, "2017-12-26 17:53:08"]
[139, "9801456", "MonoCrystalSi", "女", "lj分p……", 0, 0, "2017-12-25 18:41:37"]
[138, "103382884", "樱の精灵", "女", "学门语言还得找个对象?好麻烦啊，那，，，我先弱弱的问一下，有温暖阳光帅气多金脾气好擅长料理的小哥哥或者温柔可爱元气满满能歌善舞多才多艺说话好听的小姐姐么？求扩列", 0, 1, "2017-12-25 17:21:14"]
[135, "25027385", "泊舟不系", "保密", "太基础了,我两倍速看都觉得慢", 0, 0, "2017-12-17 15:02:30"]
[134, "1302851", "Yiki270", "女", "Linux在学校学完了，对于我一个java进阶的表示真的太细太基础了……2.0倍速一直在快进", 0, 0, "2017-12-16 10:44:18"]
[130, "103382884", "樱の精灵", "女", "几百集……可怕，学渣瑟瑟发抖", 0, 0, "2017-12-02 15:38:46"]
[127, "607877", "阿狸是谁", "保密", "讲的很棒", 0, 0, "2017-11-30 18:40:53"]
[126, "2479815", "EAGLESONG", "保密", "怎么不更新了啊", 0, 0, "2017-11-25 09:21:29"]
[119, "12469191", "张老三大大", "保密", "还更新么", 0, 0, "2017-11-06 16:39:02"]
[116, "60109712", "卜面面", "男", "怎么不更了Σ( ￣□￣||)", 0, 0, "2017-11-01 22:59:25"]
[114, "23899", "厌夜Renne", "男", "210-框架搭建-08-显示欢迎界面及功能菜单 \n我在windows下def了cards_tools.py\n但是在cards_main中无法调用import card_tools.py", 0, 2, "2017-11-01 14:35:38"]
[113, "45544029", "lalalalalazar", "男", "这个到底教的是Python2还是Python3？", 0, 1, "2017-10-31 11:55:05"]
[112, "133382325", "隔世之爱", "保密", "可以可以", 0, 0, "2017-10-30 10:18:00"]
[111, "54946299", "蔚蓝石像v", "保密", "还没看，这个是讲的py2？", 0, 1, "2017-10-27 11:14:51"]
[192, "53606838", "sherrymary", "女", "每节课的时间大概是七八分钟这样，老师讲课很好，点赞", 0, 0, "2018-02-01 16:10:59"]
[191, "9327808", "笑白白的歌", "女", "vi 没有 3和9", 0, 0, "2018-01-31 21:46:58"]
[190, "66398999", "xyzcoolr", "保密", "230p挂了。", 0, 1, "2018-01-31 21:44:47"]
[189, "56181979", "风早爽子i", "保密", "没有.ssh文件，在网上搜了半天，也安装不上，已经update，upgrade了\n求大神指点", 0, 1, "2018-01-31 20:55:35"]
[188, "66398999", "xyzcoolr", "保密", "这是分P狂魔呀！！！！", 0, 0, "2018-01-31 14:14:02"]
[187, "10266074", "吟游死宅", "保密", "这教程还在更新吗？", 0, 0, "2018-01-30 17:50:07"]
[186, "2746960", "xx醒不来的梦", "保密", "骗子，说好的600级呢", 0, 0, "2018-01-30 01:09:34"]
[185, "62628445", "一短Ly", "保密", "能问下在第454章的无限循环中出现的 if not + 变量名的用法具体是在判断什么吗？我自己私下试了下\nif  变量名：\n    print(变量名)\nelse:\n    break\n这个用法，发现程序依然可以运行。就很困惑为什么在这里没有使用任何判断条件但是程序却还是正常在运行。另外，还想问一下为什么这里不能使用if 变量 is None的判断条件。谢谢老师", 0, 2, "2018-01-29 19:26:38"]
[183, "2457376", "咸鱼王aKM", "男", "不知道是不是幻觉 这老师讲话腔调好像lex2333[2233娘_大笑]", 0, 1, "2018-01-26 15:07:12"]
[182, "30580107", "Evil电台", "男", "关上1186投币数的大门", 0, 0, "2018-01-25 14:45:47"]
[181, "11852333", "在下李秀根", "保密", "求讲义", 0, 5, "2018-01-25 12:38:02"]
[180, "88683118", "我是管埋员", "保密", "linux自带python环境的，至于windows，可以在网上搜索一下安装步骤和下载地址，python只有大几十兆，安装也快，就跟一个普通程序一样。", 0, 0, "2018-01-23 23:11:23"]
[179, "190850246", "hoxxxxxxx", "男", "我想问一下如何在windows下安装虚拟机和乌班图呢 感觉还是要多实践才能进步", 0, 5, "2018-01-23 18:40:29"]
[175, "34514132", "月心说", "保密", "请问一下，我用的mac，要学习linux的话，有什么办法弄出ubantu吗？目前电脑上只有Parallels Desktop 的windows虚拟机。", 0, 6, "2018-01-20 19:04:46"]
[171, "6292717", "绝版光光", "保密", "希望我能坚持到最后", 0, 0, "2018-01-19 23:44:44"]
[166, "39608772", "欢颜时光哈哈", "保密", "感谢，赞", 0, 0, "2018-01-16 17:37:17"]
[163, "31021647", "丝俊优", "保密", "有课件吗？", 0, 0, "2018-01-12 16:03:19"]
[162, "243952092", "sxoooc", "男", "老师，能不能介绍一下你的工具是怎么安装的\n（￣▽￣）", 0, 2, "2018-01-09 17:18:46"]
[161, "2489127", "↑↑↑↑", "男", "学Python前为什么要学linux[2233娘_困惑]", 0, 1, "2018-01-08 11:52:52"]
[157, "197805552", "只求上岸", "保密", "这个python 基础的代码有课件吗，代码原件", 0, 6, "2018-01-07 21:21:20"]
[110, "1408677", "史高了个飞啊", "男", "#120", 0, 1, "2017-10-24 22:12:29"]
[108, "23899", "厌夜Renne", "男", "Ipython 我没这个命令 死活装不上……求高手解决", 0, 3, "2017-10-22 17:18:46"]
[107, "4284375", "horb", "保密", "vi 部分少了 003 和009", 0, 0, "2017-10-22 11:08:53"]
[103, "51024269", "学数学真有趣", "男", "（￣▽￣）", 0, 0, "2017-10-17 21:28:18"]
[102, "42267832", "张张张张沉沉2223333", "保密", "有没有课件分享呢", 0, 0, "2017-10-17 16:31:21"]
[100, "22589150", "眼镜jd", "保密", "老师的讲义，哪里可以看到？", 0, 4, "2017-10-15 19:54:34"]
[99, "39843131", "铜锣卫门の天空", "男", "诶好像还没有更完233", 0, 1, "2017-10-15 05:49:23"]
[98, "39843131", "铜锣卫门の天空", "男", "补番留念", 0, 0, "2017-10-15 05:48:43"]
[97, "42267832", "张张张张沉沉2223333", "保密", "求资料源码", 0, 1, "2017-10-15 00:49:47"]
[95, "1289151", "weilanwii", "保密", "献出了我的处女币", 0, 0, "2017-10-13 21:59:06"]
[94, "210181", "古明地唯", "男", "100集达成", 0, 1, "2017-10-11 16:28:58"]
[93, "6893367", "万伦", "男", "第一枚硬币投给了黑马", 0, 0, "2017-10-11 16:28:21"]
[92, "351754", "Incog终焉", "保密", "求把剩下的继续补上", 0, 2, "2017-10-11 08:57:23"]
[91, "60109712", "卜面面", "男", "飞机大战的素材谁有啊", 0, 1, "2017-10-10 11:50:57"]
[90, "28716360", "VioIets", "男", "有大佬看完的吗(´･_･`)讲的好吗", 0, 0, "2017-10-09 19:00:00"]
[89, "12275767", "kid风起", "女", "这讲义能下载到么？？", 0, 2, "2017-10-08 21:32:01"]
[87, "210181", "古明地唯", "男", "五十集了 马克一下", 0, 0, "2017-10-07 12:23:11"]
[86, "4534724", "蛋蛋狸", "保密", "windows能看着这个学吗", 0, 1, "2017-10-06 18:28:28"]
[85, "669896", "吴要低调", "保密", "网页版怎么加速播放", 0, 1, "2017-10-06 16:30:03"]
[82, "182399472", "豆豆花汤", "保密", "这是一个网校的教室内给上课的东西录教学视频好吧！", 0, 0, "2017-10-03 13:09:54"]
[81, "21822435", "蛋-饼-菌", "男", "请问不更了吗？", 0, 0, "2017-10-02 11:10:22"]
[78, "18097228", "就是死宅你想怎样", "保密", "楼主 哪里能看讲义啊", 0, 0, "2017-09-30 09:51:32"]
[77, "11192767", "锦鲤小猝", "男", "打卡~学到22级啦\n通俗易懂 ~\n本机懒得折腾，买了vps跟着学~", 0, 2, "2017-09-29 03:04:14"]
[75, "24568571", "撸码神", "保密", "就一个**学习", 0, 0, "2017-09-28 17:59:29"]
[73, "25651985", "sqh0079", "保密", "果然是零基础，软硬件都讲…不过每次都“老师老师”自居……你比央视的教授还????？", 0, 4, "2017-09-26 21:55:32"]
[72, "17178327", "珂一梦", "保密", "感谢(❁´ω`❁)", 0, 0, "2017-09-26 21:16:23"]
[71, "8285412", "白条黑衫", "保密", "600集？", 0, 0, "2017-09-24 18:05:51"]
[70, "5390043", "new房昭之", "男", "up主似乎删了几p的视频？", 0, 0, "2017-09-23 00:04:10"]
[68, "6885744", "米波波", "保密", "真的很不错；   码一个；", 0, 0, "2017-09-21 19:09:07"]
[64, "4874125", "qqqwwwzzxc", "男", "我想知道暂停的时候都说什么", 0, 0, "2017-09-19 14:41:05"]
[63, "6015937", "路過的拉麵騎士", "保密", "請問有沒有課程筆記\n謝謝", 0, 0, "2017-09-18 18:09:23"]
[61, "10894804", "女票糖尿病让我生蛀牙", "女", "催更\n╮(￣▽￣)╭", 0, 0, "2017-09-16 09:08:20"]
[60, "2504406", "SYDozen", "保密", "Σ( ￣□￣||)求更", 0, 0, "2017-09-15 10:35:52"]
[59, "569562", "干巴牛", "男", "270以后就没有了吗？", 0, 1, "2017-09-13 19:57:16"]
[58, "39169587", "picacc", "男", "老师这语调要笑疯了", 0, 0, "2017-09-13 18:01:38"]
[57, "87917241", "冬日雪影春幻雨", "保密", "先好评谢谢传播知识～(￣▽￣～)", 0, 2, "2017-09-13 17:58:26"]
[56, "2112138", "Va1n3R----", "保密", "恐怖如斯...我觉得Python不需要这么多课吧.....看看廖雪峰老师的网站配上少许视频。差不多就可以啦。", 0, 0, "2017-09-13 12:42:20"]
[55, "10894804", "女票糖尿病让我生蛀牙", "女", "还没到600集呀！！！！", 0, 0, "2017-09-11 19:42:03"]
[54, "6292249", "sunyassy", "保密", "从入门到改行", 0, 0, "2017-09-11 12:53:05"]
[52, "176091824", "你只不過是個", "保密", "你這視頻在國內放有什麼用，程序需要那怕是一點的基本智力的，還慬中文就學會，那牠們怎可能學，多少文盲，再說，牠們配麽！？", 0, 2, "2017-09-11 08:18:53"]
[51, "8055124", "hooraay", "男", "滑倒底153个分集…", 0, 0, "2017-09-11 02:46:12"]
[50, "15925927", "苍穹细雨", "保密", "视频不全？？", 0, 0, "2017-09-11 01:19:17"]
[49, "31564888", "独角兽-Jayden", "男", "这虚拟机电脑怎么安装？", 0, 0, "2017-09-10 23:23:03"]
[48, "107149858", "企鹅2035", "男", "先收藏", 0, 0, "2017-09-10 23:11:04"]
[47, "376413", "不瘦下来就不改名字了", "男", "收藏不看系列", 0, 0, "2017-09-10 22:50:30"]
[46, "12977645", "我果然是个起名废吗", "保密", "我感觉我自己要是看完了应该就可以成仙了", 0, 0, "2017-09-10 21:47:12"]
[43, "15917639", "hzzz2yb", "男", "谢谢！", 0, 0, "2017-09-10 08:14:02"]
[42, "766115", "事已至此笑对人生", "保密", "从入门，。。放弃了", 0, 0, "2017-09-10 03:07:07"]
[37, "23274324", "ricky136973", "男", "标准现代汉语从入门到精通教程（懂中文就能学会）", 0, 0, "2017-09-09 16:41:55"]
[35, "28754961", "初雪丨未霁", "保密", "从入门到入土(￣3￣)", 0, 0, "2017-09-09 11:11:55"]
[30, "2301384", "子時丶", "男", "…接下来，接下来，开头都是接下来", 0, 0, "2017-09-08 22:55:24"]
[25, "1321943", "月灯雪华", "男", "。。。B也要被培训机构占领了？", 0, 0, "2017-09-07 21:23:17"]
[23, "22951098", "丨传说哥丨", "男", "我选择win（￣▽￣）", 0, 0, "2017-09-07 18:07:41"]
[22, "1511539", "Bili_1511539", "保密", "编号98 讲的就是python 不想看LINUX可以直接跳过。。", 0, 0, "2017-09-07 17:15:56"]
[21, "3130895", "赤木晴子97", "保密", "请问毫无变成基础的文科生，是需要学完前面的linux才能听懂后面的Python课程吗？", 0, 3, "2017-09-07 14:07:22"]
[19, "64877106", "青ノ鸟", "保密", "哟，这linux视频不错。", 0, 0, "2017-09-07 01:42:25"]
[16, "11520698", "1085059934", "保密", "python后面的还有么", 0, 3, "2017-09-06 19:32:24"]
[15, "27027976", "兔子gg丶", "保密", "6(=・ω・=) 安卓有用android studio开发的视频吗", 0, 0, "2017-09-06 15:51:11"]
[13, "71291979", "65凹凸", "保密", "这个头像up主厉害了", 0, 0, "2017-09-06 12:11:01"]
[12, "23909127", "2月16日", "男", "傻吗投一堆Linux", 0, 1, "2017-09-06 00:10:18"]
[11, "7688056", "蜡笔印", "男", "Linux已经属性的差不多了。先等我把c和c++学完再来看。收藏一下。", 0, 0, "2017-09-05 23:26:41"]
[10, "3643002", "yp05327", "保密", "这是。。。投错稿了么(;¬_¬)", 0, 2, "2017-09-05 22:42:11"]
[8, "2904937", "悦焱", "男", "up棒棒", 0, 0, "2017-09-05 20:24:12"]
[6, "30987553", "ZhouxuanC", "男", "顺便学习 linux", 0, 0, "2017-09-05 13:27:00"]
[5, "30987553", "ZhouxuanC", "男", "赞 翻了", 0, 0, "2017-09-05 13:26:38"]
[4, "1959947", "悠空汐羽", "男", "前排(⌒▽⌒)", 0, 0, "2017-09-05 13:13:19"]
[1, "6988203", "青春休止符", "女", "赞(⌒▽⌒)", 0, 7, "2017-09-05 11:26:32"]
[1598, "314709207", "iaui88846", "保密", "python学习q群：817》06》4202，和大家一起吧 有资源分享哦", 0, 0, "2019-04-16 12:35:49"]
[1596, "407111658", "63273005811_bili", "保密", "哪位大佬可以提供下视频中的讲义，非常感谢！", 0, 0, "2019-04-15 22:58:35"]
[1593, "52085513", "之禾神", "男", "37", 0, 0, "2019-04-15 18:17:37"]
[1592, "52085513", "之禾神", "男", "35", 0, 0, "2019-04-15 17:57:39"]
[1585, "50208736", "SkeanF", "保密", "请问剩下的64集去哪找", 0, 0, "2019-04-14 14:25:19"]
[1579, "223671673", "脱毛刺猬尼酱", "保密", "想问一下各位，飞机大战项目中的pygame是个模块还是包？讲pygame.sprite.Speite时，说它是个包。那pygame.quit()的意思是包直接调用了quit函数？可是我试了下包不能直接调用函数的…", 0, 1, "2019-04-13 12:05:40"]
[1576, "302247104", "迭代递归", "保密", "想知道这个老师是谁", 0, 0, "2019-04-12 23:32:05"]
[1573, "52085513", "之禾神", "男", "31", 0, 0, "2019-04-12 15:10:51"]
[1571, "297094016", "东丿风破", "保密", "111", 0, 0, "2019-04-12 12:54:02"]
[1567, "51125629", "张先生-你好", "保密", "打卡", 0, 0, "2019-04-11 11:19:45"]
[1562, "77362586", "去啊无色", "保密", "325打卡[画风突变]", 0, 0, "2019-04-10 21:53:35"]
[1561, "153719179", "花近z", "女", "计算机二级考试考python需要看p几啊?(=・ω・=)", 0, 1, "2019-04-10 10:58:31"]
[1557, "2657640", "compader", "男", "老师要是能布置一点作业就更完美了", 0, 0, "2019-04-09 18:57:14"]
[1552, "403745854", "兹兹-", "保密", "所以视频内容全不全", 0, 0, "2019-04-09 01:40:47"]
[1551, "111283028", "溪搜西", "保密", "面向对象023为什么可以用item.area，area不是家具类的属性吗？", 0, 2, "2019-04-08 23:35:41"]
[1546, "407111658", "63273005811_bili", "保密", "Windows如何下载安装虚拟机呢？", 0, 2, "2019-04-07 20:38:24"]
[1545, "381541502", "派森妈", "保密", "有一起共同学习的咩", 0, 0, "2019-04-07 17:22:31"]
[1542, "175325607", "无助大大是帅比", "男", "8，最近看到，准备学习(°∀°)ﾉ", 0, 0, "2019-04-07 14:44:46"]
[1539, "223196951", "你也是嘤雄吗", "男", "267打个卡吃完饭再学,话说列表的内置方法真鸡儿多,根本记不住,看来得坚持一周天天练习方法", 0, 0, "2019-04-06 17:17:10"]
[1538, "305036415", "风暴07", "保密", "谁有没有该课程的教材呀，麻烦能发一下吗，万分感谢", 0, 0, "2019-04-06 15:29:50"]
[1537, "296879377", "ctf521", "男", "软件到哪下载啊", 0, 0, "2019-04-06 12:42:49"]
[1536, "12708541", "种花家兔子e", "男", "这是Microsoft技术丛书里的吗？", 0, 0, "2019-04-06 12:10:57"]
[1535, "283357283", "jeremy211", "保密", "一共536集？", 0, 0, "2019-04-06 02:13:10"]
[1533, "220870596", "Indra_", "男", "好多p啊，够学好一阵子了", 0, 0, "2019-04-05 20:48:45"]
[1532, "220160128", "不解不开", "保密", "素质三连", 0, 0, "2019-04-05 20:09:02"]
[1528, "223196951", "你也是嘤雄吗", "男", "学了近一整天累死了[灵魂出窍]", 0, 0, "2019-04-05 16:46:52"]
[1527, "223196951", "你也是嘤雄吗", "男", "为什么当年python会分成2.x版和3.x版?", 0, 0, "2019-04-05 11:32:51"]
[1525, "401682967", "15124596194_bili", "保密", "还有半口气", 0, 0, "2019-04-03 20:21:10"]
[1524, "2566306", "活生生的秀逗", "男", "教程", 0, 0, "2019-04-03 20:02:59"]
[1523, "314709207", "iaui88846", "保密", "python学习q群：817064202和大家一起吧 有资源分享哦", 0, 0, "2019-04-03 13:18:31"]
[1522, "397181179", "25361547039_bili", "保密", "没基础可以学习吗", 0, 0, "2019-04-03 10:23:16"]
[1521, "52085513", "之禾神", "男", "25", 0, 0, "2019-04-03 10:13:09"]
[1519, "30746099", "fireJohnny", "保密", "讲师讲的很细致，本教程对零基础的人比较友好。", 0, 0, "2019-04-02 22:01:41"]
[1517, "230936216", "老黑乔", "保密", "真的是零基础吗", 0, 0, "2019-04-02 18:37:46"]
[1514, "52085513", "之禾神", "男", "21", 0, 0, "2019-04-02 11:18:04"]
[1512, "552914", "Sharpy", "男", "有C语言基础感觉入门简单多了，参加完信安实习感觉学习渗透测试需要熟悉几种脚本语言，这个教程还介绍了linux指令，对我这种使用kali的初学者很有帮助。。。。。。。", 0, 0, "2019-04-01 20:52:44"]
[1511, "5884130", "南蓝泡泡", "女", "我的win7系统啊", 0, 0, "2019-04-01 18:27:29"]
[1509, "1618952", "向悠远的天穹", "保密", "那位大佬告诉我为啥p站动不动就白屏放不了视频只有新版本播放器才能放。是p站**了，还是我电脑**了（#-_-)┯━┯", 0, 0, "2019-04-01 17:23:19"]
[1508, "75288709", "沙漠有雨啊", "保密", "有谁来告诉我这个软件是啥？", 0, 1, "2019-04-01 17:11:32"]
[1507, "171782012", "炯炯小子", "保密", "有配套的书吗？", 0, 0, "2019-04-01 16:52:13"]
[1501, "28109527", "尽欢Enchant", "男", "这玩意看着都头疼，还是老老实实的当个设计狗吧", 0, 0, "2019-04-01 09:05:07"]
[1495, "133495780", "浅蓝影", "男", "名片管理系统差点把我干懵了[微笑]", 0, 0, "2019-03-30 20:13:51"]
[1494, "95543493", "liu_up", "男", "这个果然是基础啊...我这直接1.5倍了...", 0, 0, "2019-03-30 18:38:17"]
[1490, "22480715", "小水怪的战纪", "保密", "536p你是魔鬼吗？！(ﾟДﾟ≡ﾟдﾟ)!?", 0, 0, "2019-03-30 15:49:57"]
[1489, "170078879", "FlreWalL", "男", "我看到了好多个p[吓]", 0, 0, "2019-03-30 15:17:10"]
[1485, "398101096", "17046656132_bili", "保密", "有英语班的吗？", 0, 0, "2019-03-30 10:08:41"]
[1478, "89693564", "给你糖吃m", "保密", "linux的root密码是多少", 0, 2, "2019-03-28 23:54:53"]
[1477, "231209776", "再改名也中不了", "男", "这个是真的多", 0, 0, "2019-03-28 18:49:41"]
[1467, "316413756", "一切从大爆炸开始", "女", "什么时候计算机编程可以由别的计算机写", 0, 0, "2019-03-27 21:58:35"]
[1465, "350186262", "我不是社会肖", "男", "零基础能学吗", 0, 0, "2019-03-27 20:17:17"]
[1464, "382685612", "搞IT的谢耳朵_", "男", "请问老师的MacBook配置\n[惊喜]", 0, 0, "2019-03-27 18:39:26"]
[1457, "87627531", "MrQiaobusi", "男", "为什么减号后面只写一个r就可以了", 0, 0, "2019-03-26 23:26:46"]
[1455, "1404064", "大地瓜", "男", "转正了。 以后的路还得继续学啊！", 0, 2, "2019-03-26 18:21:00"]
[1454, "272702968", "黄大帅6666", "保密", "win7 python3没有which这个命令，咋整", 0, 0, "2019-03-26 15:54:57"]
[1450, "129349385", "遗忘昔日梦", "保密", "12w收藏 8000点赞 1w硬币 ？？", 0, 0, "2019-03-25 13:28:41"]
[1442, "11001262", "张zz小红", "男", "看完了，准备去学机器学习了（￣▽￣），西瓜书走起", 0, 0, "2019-03-25 01:25:50"]
[1441, "403729468", "扑咪扑咪丶", "保密", "那个也是黑马程序员的python千集视频怎么看不成了，有人能给我一个答案吗？", 0, 0, "2019-03-24 21:42:25"]
[1435, "51257639", "Garowolf", "保密", "其实我觉得应该学习老师编码和解决问题的思路和习惯 而不是拘泥与怎样写才好", 0, 0, "2019-03-23 18:30:08"]
[1429, "24954196", "俞飞鸿认证账号", "男", "说是macOS适合开发，那开发的东西只能用在os上啊", 0, 1, "2019-03-22 23:37:49"]
[1422, "25158750", "瞳瞳木", "女", "PYTHON 是哪个版本", 0, 2, "2019-03-22 09:20:52"]
[1421, "25158750", "瞳瞳木", "女", "这个是哪个版本？", 0, 0, "2019-03-22 09:20:36"]
[1420, "30952648", "佳雨倾城", "保密", "我装的ubuntu开启虚拟机怎么是黑屏[疼][疼][疼]", 0, 1, "2019-03-22 00:51:09"]
[1419, "30952648", "佳雨倾城", "保密", "是安装ubuntu 还是安装ubuntu64哪个啊[委屈]", 0, 1, "2019-03-22 00:34:01"]
[1414, "12624279", "温小菀", "保密", "请问MacBook还需要下载虚拟机和Ubuntu吗", 0, 0, "2019-03-21 12:05:01"]
[1410, "30952648", "佳雨倾城", "保密", "怎么下载虚拟机\n[大哭]", 0, 1, "2019-03-20 22:23:37"]
[1409, "328122488", "ChenQian0557", "保密", "请问老师此教程里有数组的教程嘛？", 0, 0, "2019-03-20 22:14:08"]
[1407, "133495780", "浅蓝影", "男", "pycharm名片管理系统打卡", 0, 0, "2019-03-20 20:01:38"]
[1406, "197812716", "怪怪怪怪曦", "保密", "面对对象这里讲的真好", 0, 0, "2019-03-20 19:39:30"]
[1405, "266041622", "成的魔力", "保密", "53打卡", 0, 0, "2019-03-20 00:51:04"]
[1390, "304145349", "二次元的中科院宿舍", "保密", "我什么时候收藏的[小电视_困惑][小电视_困惑]", 0, 0, "2019-03-17 11:48:17"]
[1387, "243803516", "不要掰筷子", "保密", "从收藏到退出", 0, 0, "2019-03-16 20:42:50"]
[1385, "377633900", "56790797583_bili", "保密", "笔记有吗有", 0, 0, "2019-03-16 17:19:29"]
[1374, "133495780", "浅蓝影", "男", "temp_list.extend为什么pycharm3.6版本说错误？", 0, 1, "2019-03-15 16:58:08"]
[1373, "314962735", "kuqd20611", "保密", "python学习q群：498641831 和大家一起吧 有资源分享哦", 0, 0, "2019-03-15 14:17:32"]
[1359, "258530268", "LLstylishbeast", "男", "还没看 这是Python几的视频啊？", 0, 3, "2019-03-14 01:30:46"]
[1346, "3994853", "ERICniu", "男", "挺详细的教程但是为什么要暂停视频。。。", 0, 0, "2019-03-12 15:15:33"]
[1334, "389602866", "LCZturn", "保密", "前面20多讲，都是linux", 0, 1, "2019-03-11 16:50:04"]
[1331, "137115", "绅士fred", "男", "有没有变声器能把老师的声音变成女声？建议b站播放器加一个变声器功能@⑨bishi", 0, 1, "2019-03-11 15:33:09"]
[1330, "389602866", "LCZturn", "保密", "老师讲课时用的那个画图工具，是什么名字？", 0, 0, "2019-03-11 14:03:02"]
[1318, "356330692", "91Fmoney", "保密", "老师讲的真的很不错，话说现在python的就业咋样黑马的python学费是多少2W左右么，我看网上很多网友说了python的就业不是很好没有java就业高。C/C++学好很难而且好一点的公司都喜欢招应届对口专业的培养。现在又是互联网行业的寒冬，真是B了狗了毕业啥都赶上了。", 0, 15, "2019-03-08 22:22:19"]
[1316, "371439508", "python_u", "保密", "还更新吗UP", 0, 0, "2019-03-08 16:04:34"]
[1315, "114070104", "玲晓乔", "保密", "看懂中文就会真是太特喵的吸引人了(⌒▽⌒)", 0, 0, "2019-03-08 14:36:01"]
[1310, "131680772", "烧麦多放酱油", "男", "python怎么下 请问", 0, 2, "2019-03-07 20:11:23"]
[1305, "8716646", "爱吃窝窝头", "保密", "这个教程是 2 还是3 版本", 0, 0, "2019-03-06 23:18:02"]
[1284, "248380777", "你看震哥好帅", "保密", "请问听这个能学会爬虫吗？", 0, 2, "2019-03-04 21:33:13"]
[1283, "39710130", "失格小丑", "保密", "..求大佬指教教学用的截屏,画圈圈的软件是什么", 0, 4, "2019-03-04 16:20:18"]
[1272, "287950133", "会游泳的xian鱼", "保密", "问一下大佬，有老师的联系方式吗", 0, 0, "2019-03-01 08:52:59"]
[1271, "49124070", "喵1235678", "女", "100+259+100+48+30", 0, 0, "2019-03-01 08:24:07"]
[1268, "49875845", "请叫我小学痞", "保密", "问一下这个是怎么分第几天的", 0, 0, "2019-02-28 14:34:07"]
[1262, "29626974", "沐风执鸢", "男", "谁有win10版本的gedit", 0, 1, "2019-02-27 20:42:53"]
[1259, "108449209", "忽羽衣", "保密", "飞机大战有人把爆炸加上了吗", 0, 1, "2019-02-26 13:08:33"]
[1256, "87689035", "asokoniiru", "保密", "老师举个例子给我们看看最基础的东西，顺便给你们给予鼓励，可以说杠精是真的烦", 0, 2, "2019-02-25 23:07:50"]
[1252, "327838100", "是个智障啊丶", "保密", "这有免费的啊", 0, 0, "2019-02-25 11:11:13"]
[1249, "30384232", "死鬼看啥呢", "保密", "安卓是linux为基础的对吧，我以前试过在根目录全选删除，瞬间某某某已停止运行，几秒过后黑屏死机哈哈哈", 0, 0, "2019-02-24 21:11:36"]
[1247, "362543234", "VanGao-", "保密", "我想知道老师这个只能在mac上演示么，在windows上不行吗，在windows上要怎么做？", 0, 4, "2019-02-24 10:34:30"]
[1246, "386378446", "爱你2714", "保密", "老师，gz和bz2有什么区别", 0, 0, "2019-02-24 08:18:19"]
[1244, "5981094", "00cosmos00", "保密", "今天看到12，明天再来评论打卡。坚持坚持1.02**365(°∀°)ﾉ", 0, 0, "2019-02-22 18:16:28"]
[1242, "13902137", "翠花0", "女", "我还是老实学咖啡吧", 0, 0, "2019-02-21 23:46:05"]
[1241, "358714807", "61024581825_bili", "保密", "人生苦短 我用python", 0, 0, "2019-02-21 18:38:27"]
[1239, "358714807", "61024581825_bili", "保密", "还是得多用", 0, 0, "2019-02-21 02:22:17"]
[1236, "288255078", "ACG老疯子", "保密", "从入门到放弃，从收藏到放弃，从点开到放弃，这辈子是不可能精通的", 0, 0, "2019-02-20 18:15:04"]
[1234, "358714807", "61024581825_bili", "保密", "我已经把声音调到最小了  还是感觉耳朵受不了  耳鸣←_←→_→", 0, 0, "2019-02-20 02:43:15"]
[1232, "85816737", "bibi大魔娘", "保密", "分p是为了播放量(=・ω・=)", 0, 0, "2019-02-19 16:02:37"]
[1231, "25998565", "安妮宝宝贝贝", "女", "现在2都快停止支持了，还是学Python3吧", 0, 5, "2019-02-19 14:29:07"]
[1229, "3145738", "碳稽灵", "男", "linux系统下怎么安装python，或者说官网下载选择什么文件下载", 0, 1, "2019-02-19 09:54:25"]
[1215, "94676573", "ETob", "保密", "我看懂了", 0, 0, "2019-02-15 22:00:05"]
[1212, "65866075", "大慈大悲的加特林菩萨", "保密", "哎哟我的吗鸭，600集", 0, 1, "2019-02-14 02:40:16"]
[1198, "384731919", "飞翔的衣服", "保密", "后排推荐一波java教程专栏，不标题党不加微信不加群不卖资料，所有代码纯手打并且都有注释保证能看懂，从零开始，稳定每周更新1-2篇，有兴趣的可以了解一下，附上第一章的传送门cv537646", 0, 0, "2019-02-07 23:18:41"]
[1196, "6906496", "jokeabc", "保密", "windows是最烂的系统？扯淡呢，最烂还能一统PC市场？", 0, 1, "2019-02-07 22:20:57"]
[1194, "6763052", "所罗门门神", "男", "是完整的么", 0, 0, "2019-02-06 14:29:42"]
[1188, "15381265", "LOJOWO", "女", "悄咪咪问一下用python3看这个2.7的教学可以么？", 0, 1, "2019-02-03 17:11:44"]
[1187, "34272072", "CN_M5A1Stuart", "男", "Windows下的PythonIDE建议Microsoft Visual Studio 2017 Community 功能强大 完全免费", 0, 0, "2019-02-03 14:01:55"]
[1182, "94754370", "FUAEL", "保密", "请问那个视频中所讲的就业班在哪里呢", 0, 0, "2019-02-02 17:59:15"]
[1178, "275273645", "微小如星", "保密", "别到实战就半途而废了", 0, 0, "2019-02-01 20:54:09"]
[1177, "275273645", "微小如星", "保密", "升级，pip 即命令\nPython -m pip install --upgrade pip (事先下载后\nPython -m pygame.examples.aliens\n如老师的屏幕弹出的一样，大家只要想一点点，都能从网络或评论中找到答案的，特别是网上", 0, 0, "2019-02-01 20:52:12"]
[1176, "275273645", "微小如星", "保密", "是可以的，你先下载好 pygame ( 网上有\n\nWindows cmd 右键管理员身份\npip install pygame  \nOK", 0, 0, "2019-02-01 20:37:21"]
[1174, "65417991", "Zha2haaa", "男", "55", 0, 0, "2019-02-01 17:29:55"]
[1169, "275273645", "微小如星", "保密", "文件操作，89-2  为什么代码一样我的却弹出 UnicodeDecodeError  我PyCharm 2017.1    难道是因为我的是Windows?  照着抄代码。", 0, 1, "2019-01-31 19:40:38"]
[1168, "65417991", "Zha2haaa", "男", "18", 0, 0, "2019-01-31 17:38:13"]
[1165, "275273645", "微小如星", "保密", "还是有人看的嘛", 0, 0, "2019-01-30 16:23:10"]
[1162, "294095782", "乂统天下", "保密", "1.派生就是继承；  \n2.基类就是父类；\n3.继承具有传递性；\n4.子类对象 不能 在自己的方法内部，直接 访问 父类的 私有属性 或 私有方法\n5.子类对象 可以通过 父类 的 公有方法 间接 访问到 私有属性 或 私有方法\n\n\nLY_06", 0, 0, "2019-01-30 12:48:43"]
[1155, "305635504", "夕凉木", "男", "想问一下老师用的虚拟机是vmware fusion吗我下载后是dmg文件，Windows打不开~哭", 0, 1, "2019-01-28 08:04:48"]
[1144, "25887796", "upanddowns", "保密", "打开虚拟机，ubuntu后的密码是多少，我没有设置", 0, 2, "2019-01-26 12:12:01"]
[1117, "43938389", "那懿份续写", "保密", "我就想问一下有人看完了的吗？", 0, 0, "2019-01-23 10:43:18"]
[1109, "22510446", "圆滚滚家的元宝宝", "保密", "精灵组那儿，弄不出敌机啊，一直显示AttributeError: &#39;GameSprite&#39; object has no attribute &#39;image&#39;", 0, 0, "2019-01-21 22:12:50"]
[1106, "314962735", "kuqd20611", "保密", "python学习q群：498641831 和大家一起吧 有资源分享哦", 0, 0, "2019-01-20 23:15:17"]
[1104, "162092188", "李秀薪兰", "保密", "有没有PPT啊", 0, 0, "2019-01-20 20:42:50"]
[1102, "162092188", "李秀薪兰", "保密", "必须用ubuntu嘛", 0, 4, "2019-01-20 18:52:45"]
[1096, "284859212", "王尊幻异影魔刹形", "男", "前100集有什么用吗？", 0, 0, "2019-01-19 22:28:58"]
[1095, "343657925", "风语海蓝", "保密", "看困了！睡了一觉", 0, 0, "2019-01-19 14:54:01"]
[1093, "262827531", "自己的命根子", "保密", "必须用ubuntu嘛", 0, 1, "2019-01-19 12:22:05"]
[1092, "269947865", "软软的棉花吸满了水", "保密", "就业班在哪哩", 0, 0, "2019-01-19 10:54:17"]
[1089, "314962735", "kuqd20611", "保密", "python学习q群：498641831 和大家一起吧 有资源分享哦", 0, 0, "2019-01-18 22:46:11"]
[1088, "149022632", "老子有智慧", "保密", "这不是500多集么? 另外的在哪看呢?", 0, 0, "2019-01-18 22:34:38"]
[1082, "346954486", "秋水biliplay", "男", "大家好，我是十代思域车主", 0, 0, "2019-01-18 13:44:13"]
[1080, "265942346", "休闲看____", "保密", "GUN", 0, 0, "2019-01-17 21:47:25"]
[1074, "395579932", "给我整一个", "保密", "(⌒▽⌒)奥利给奥利给奥利给，新同学一起交流", 0, 0, "2019-01-17 17:22:32"]
[1075, "36570728", "i来自二次元", "男", "大家编程用的是什么电脑，我大一新生，想买台笔记本学编程的，希望可以推荐(´▽｀)ノ♪", 0, 11, "2019-01-17 17:40:15"]
[1060, "1404064", "大地瓜", "男", "我TM一个测试，公司项目要求我去学python写脚本!!", 0, 1, "2019-01-15 15:38:24"]
[1055, "271869681", "冰雷邪帝", "保密", "问下那个xshell无法连接岛虚拟机是怎么回事T_T", 0, 0, "2019-01-14 22:32:27"]
[1054, "2207894", "蜜桃-----臀", "女", "我先建个我的打卡楼( ´_ゝ｀)我怕1.01*0.99", 0, 0, "2019-01-14 21:56:32"]
[1043, "30878623", "欧美音乐小助手", "保密", "路漫漫其修远兮", 0, 0, "2019-01-11 17:01:25"]
[1038, "7216933", "秋风木叶", "男", "for a in range(1, 10):\n    for b in range(1, a+1):\n        print(&#39;{}*{}={}&#39;.format(b, a, a*b), end=&#39; &#39;)\n    print()", 0, 1, "2019-01-10 20:22:44"]
[1035, "32928010", "Sennritsu", "男", "先马不看", 0, 0, "2019-01-10 15:49:14"]
[1034, "29169774", "linzzs", "保密", "感谢分享，老师讲的超级好。", 0, 0, "2019-01-10 01:41:53"]
[1018, "265942346", "休闲看____", "保密", "哎，非常好", 0, 0, "2019-01-02 19:21:26"]
[1014, "320504425", "永恒的天蝎", "保密", "曾经接触虚拟机只是为了装逼，安装个mac 装装逼", 0, 1, "2019-01-02 02:11:40"]
[1013, "76577673", "线粒体T", "保密", "这也太牛了", 0, 0, "2019-01-01 18:52:10"]
[1009, "320191216", "Leonsunl", "保密", "讲的真的很详细", 0, 0, "2018-12-31 18:46:31"]
[1002, "18786398", "南陵子", "男", "Python从入门到放弃", 0, 0, "2018-12-29 00:27:41"]
[994, "122363023", "死磕UE4", "男", "为什么我计算的结果有很多00000000001最后还有个一", 0, 0, "2018-12-27 10:41:49"]
[991, "26964261", "余小C真的不混", "男", "插旗！开始学习了！", 0, 0, "2018-12-26 19:16:54"]
[990, "38728180", "5pretty", "保密", "求，讲义", 0, 0, "2018-12-26 16:18:13"]
[982, "19620722", "我们要干你大爷", "男", "这个笔记能在哪里找到么", 0, 0, "2018-12-25 16:11:18"]
[981, "74909047", "无常何故叩柴扉", "女", "有没有好用的VMware 版本", 0, 0, "2018-12-25 15:04:01"]
[974, "244432674", "小曾blbl", "保密", "这种几分钟一节的我看得比较多， 一次几个小时的看不下去容易睡着", 0, 0, "2018-12-23 16:25:00"]
[967, "27943473", "破晓lx", "男", "老师讲的真的很详细了，是我看过所有的视频中讲的最详细、最易懂得，非常适合初学者，必须好评啊（￣▽￣）", 0, 0, "2018-12-22 16:03:08"]
[964, "48712537", "北方林", "保密", "卡在了类方法这里，真的想放弃了", 0, 0, "2018-12-21 16:51:40"]
[963, "86133275", "忽忽小旭", "男", "（￣▽￣）（￣▽￣）（￣▽￣）", 0, 0, "2018-12-21 16:02:46"]
[958, "7004527", "优雅的小黄鹂", "保密", "57", 0, 1, "2018-12-20 17:58:03"]
[956, "31034882", "lcy123404", "保密", "有没有好点的练习方法介绍一下 光看感觉容易忘记", 0, 1, "2018-12-20 11:48:06"]
[950, "8465918", "蔷薇醉虎", "保密", "请问谁有老师的笔记吗。。", 0, 0, "2018-12-17 20:17:00"]
[945, "13197896", "我得早点睡了", "男", "打卡_1", 0, 0, "2018-12-16 22:21:58"]
[928, "12720304", "好亮的梯子", "保密", "263", 0, 0, "2018-12-11 22:58:50"]
[927, "4918497", "犯二这么easy", "保密", "怎么加速播放", 0, 1, "2018-12-11 20:48:17"]
[919, "23959604", "停停走走的猫", "男", "&#39;scp&#39; 不是内部或外部命令，也不是可运行的程序\n或批处理文件。\n这个是什么原因？", 0, 4, "2018-12-08 19:16:30"]
[916, "72959949", "没用的字", "男", "这个视频系列感觉完全可以1.25倍看", 0, 0, "2018-12-08 08:58:08"]
[906, "4889480", "机智坑友青年", "保密", "求一个群……", 0, 0, "2018-12-06 17:45:12"]
[905, "43068549", "马达加斯加企鹅菜鸟", "保密", "我在mac上的终端为什么不能连接到ubuntu求大佬告知", 0, 1, "2018-12-06 17:15:50"]
[903, "50554000", "教徒式信仰", "男", "Python***790934299", 0, 0, "2018-12-06 13:16:28"]
[900, "12720304", "好亮的梯子", "保密", "打个卡，看到130了，电脑太卡直接用的window的IDE。安装摸索了半天", 0, 0, "2018-12-05 22:53:07"]
[892, "254320377", "Ljins", "保密", "强大", 0, 0, "2018-12-04 14:36:34"]
[884, "161826876", "ci8949", "保密", "教程", 0, 0, "2018-11-30 11:29:46"]
[881, "6013755", "messssi", "保密", "一共536？", 0, 0, "2018-11-30 01:23:03"]
[880, "4278903", "羊患", "保密", "老师用的Ubuntu版本多少啊。", 0, 0, "2018-11-29 22:15:17"]
[878, "4888248", "爱小小小词", "保密", "讲得咋样", 0, 0, "2018-11-29 09:24:53"]
[877, "7794101", "好大的浴", "保密", "holiday_name = str(input(&#34;今天是什么节日：&#34;))\n\nif holiday_name == &#34;情人节&#34;:\n    print(&#34;买玫瑰&#34;)\n    print(&#34;看电影&#34;)\n\nelif holiday_name == &#34;平安夜&#34;:\n    print(&#34;买苹果&#34;)\n    print(&#34;吃大餐&#34;)\n\nelif holiday_name == &#34;生日&#34;:\n    print(&#34;送蛋糕&#34;)\n\nelse:\n    print(&#34;今天不是情人节&#34;)\n[小电视_赞]", 0, 1, "2018-11-28 19:13:03"]
[876, "7794101", "好大的浴", "保密", "is_employee = str(input(&#34;是否是本公司人员：&#34;))\n\nif not is_employee:\n    print(&#34;是本公司人员，可以入内&#34;)\nelse:\n    print(&#34;非本公司人员，请勿入内&#34;) [小电视_笑]", 0, 1, "2018-11-28 18:58:19"]
[871, "16085891", "ccjjbe", "男", "看数据结构书最多两小时，脑子就堵了。这个不知道好不好学😣", 0, 0, "2018-11-28 02:49:21"]
[870, "381277090", "include_passion", "保密", "想问一下如何获取老师讲课的文档", 0, 0, "2018-11-27 14:39:19"]
[865, "72622808", "Zrahh_", "保密", "笔记https://zrahh.com/category/Python%E5%85%A5%E9%97%A8%E6%95%99%E7%A8%8B%E5%AE%8C%E6%95%B4%E7%89%88-%E7%AC%94%E8%AE%B0/", 0, 1, "2018-11-26 14:34:09"]
[861, "33099022", "美色探测器", "女", "我的飞机大战背景无论如何也动不起来(•̩̩̩̩＿•̩̩̩̩)查了好几遍了，和老师的代码一模一样啊", 0, 3, "2018-11-25 13:14:08"]
[855, "111642934", "噼里啪啦噼里啪啦51k", "保密", "请问一下，用什么软件，能发一下链接吗？大佬们", 0, 0, "2018-11-23 15:57:02"]
[852, "4707899", "Hotan丶", "保密", "求救！vmware里的ubuntu不能自适应屏幕(´；ω；`)", 0, 9, "2018-11-22 10:49:49"]
[851, "2039387", "墨默寞魔", "保密", "先收藏 emmm 有空看", 0, 0, "2018-11-21 20:18:54"]
[850, "130834147", "百变狗子", "保密", "讲的很好，python确实是一门不错的语言", 0, 0, "2018-11-21 17:52:51"]
[849, "255212733", "90后的中年人", "保密", "怎么越来越少了？600变500多了", 0, 0, "2018-11-20 23:09:31"]
[848, "314962735", "kuqd20611", "保密", "python学习q群：498641831 和大家一起吧 有资源分享哦", 0, 0, "2018-11-20 20:19:45"]
[843, "13197896", "我得早点睡了", "男", "学了Linux和Python去学Houdini", 0, 1, "2018-11-19 01:02:07"]
[834, "12352050", "丶长相知", "女", "萌新小白来学习了", 0, 0, "2018-11-15 10:37:12"]
[825, "274713741", "吾为孟浩然", "男", "我想学编程,有没有大佬带我", 0, 1, "2018-11-13 22:26:50"]
[817, "40153449", "夜炮丶", "女", "有linux的笔记吗", 0, 4, "2018-11-09 15:18:47"]
[807, "110821950", "我是追风筝的人", "男", "需要课件的可以私信我", 0, 2, "2018-11-07 17:16:11"]
[714, "31328494", "DEPRESSBOY", "保密", "求教为啥我下的乌班图在点击鼠标右键的时候没有显示建立文档一栏，以及在输入cd Desktop 时没有显示我在桌面建立的文件，只显示了在home 的文件。求大佬帮忙", 0, 0, "2018-10-13 14:33:54"]
[711, "359016828", "15580938844_bili", "男", "用什么软件的虚拟机啊", 0, 1, "2018-10-13 13:09:28"]
[707, "99206740", "DHLPZY", "保密", "有没有课件呢", 0, 0, "2018-10-11 09:19:06"]
[706, "328260761", "1江湖告急", "保密", "AttributeError: &#39;PlaneGame&#39; object has no attribute &#39;back_group&#39;\n这是什么原因呢 大神们", 0, 1, "2018-10-10 19:44:44"]
[703, "14812550", "小宇宙ll", "保密", "这应该是双元课堂的视频", 0, 0, "2018-10-09 23:25:15"]
[701, "81094783", "赵海川", "保密", "vim的笔记不全，有没有全的笔记，就是那个讲义", 0, 0, "2018-10-09 17:01:13"]
[697, "95757974", "17岁辣鸡想读双一流", "保密", "听Linux仿佛回到了搞数据库的时候。。？", 0, 0, "2018-10-08 22:22:30"]
[696, "269525280", "x_y9", "男", "正在学习", 0, 0, "2018-10-08 00:18:56"]
[694, "236953397", "小西柚的笑", "保密", "有相应的课件资料吗各位大佬们～", 0, 0, "2018-10-07 17:57:53"]
[693, "288329542", "炸鸡啤酒要一份", "保密", "请问这个Linux和python都是什么版本的？求解答，视频好像没提到，我是学金融的菜鸟", 0, 1, "2018-10-07 01:23:07"]
[691, "30189897", "从前K", "女", "我想问问学这些最好的顺序是什么呀", 0, 1, "2018-10-06 22:33:02"]
[688, "116378020", "CriesInADistance", "保密", "这个集数令人害怕", 0, 1, "2018-10-06 11:55:12"]
[682, "13145119", "珍波椰_", "女", "我是mac的系统，为啥tree只在tree的目录下才有效(〜￣△￣)〜", 0, 0, "2018-10-02 15:02:21"]
[668, "47328977", "一场无良梦", "男", "嗯，不能缓存吗", 0, 1, "2018-09-25 18:29:01"]
[667, "299424957", "LLLLLLVI", "男", "这恐怖的集数", 0, 0, "2018-09-25 16:46:00"]
[662, "13479883", "kagulaqua", "保密", "359", 0, 1, "2018-09-22 13:53:25"]
[652, "37536169", "白色的花花鸟", "保密", "不是，这个视频不全啊←_←", 0, 0, "2018-09-19 06:31:23"]
[646, "181107722", "梦想与梦魇", "男", "哪里可以下载视频里的源码文件？", 0, 0, "2018-09-18 00:03:39"]
[643, "13479883", "kagulaqua", "保密", "348", 0, 0, "2018-09-17 11:59:14"]
[642, "23357367", "dyw988788", "保密", "不更新？？？请问更新什么时候", 0, 0, "2018-09-16 10:33:59"]
[797, "6508964", "uuuuuuubb", "保密", "计科学生前来打卡 因为python老师教得太烂过来补课( ´_ゝ｀)", 0, 0, "2018-11-05 23:02:20"]
[790, "314962735", "kuqd20611", "保密", "python学习q群：498641831 和大家一起吧 有资源分享哦", 0, 0, "2018-11-03 14:44:42"]
[789, "26326119", "人影青风落", "保密", "阿里云esc服务器活动，最低只要99鸭！https://m.aliyun.com/act/team1111/#/share?params=N.qYnY8sp2fK.5ms9jfym\n[芮小凸小凹_哼]", 0, 0, "2018-11-03 00:08:45"]
[787, "1472209", "Love_PHP", "保密", "分享一个阿里云服务器真的是99一年,最多买3年.独享ip的.准备开网站或学习的可以来看看.错过要再等一年了 \nhttps://m.aliyun.com/act/team1111/#/share?params=N.EN2hxhpNQG.zget4ta2", 0, 1, "2018-11-02 07:02:43"]
[769, "310885307", "放肆爱更青春", "保密", "python语言对每个版本的python都适用吗", 0, 1, "2018-10-28 11:32:29"]
[768, "21323569", "Janeeeeeee1", "保密", "求问，这个教程是python2的吗，因为我用的是python3，而2和3中有有些语法都不兼容了，还建议看这个视频吗？", 0, 2, "2018-10-26 23:51:06"]
[763, "27834151", "tremble秀", "女", "打开37", 0, 0, "2018-10-25 12:06:00"]
[762, "5676643", "假的MTSP-JIN", "女", "装不上vmware。。32位系统。。", 0, 3, "2018-10-25 08:44:12"]
[761, "330911824", "程序小样", "保密", "程序小样，python 不太会，点我的头像看一下呗[小电视_笑]", 0, 0, "2018-10-25 07:42:36"]
[756, "52859287", "我爱学生妹_", "保密", "想要讲义", 0, 0, "2018-10-23 15:58:38"]
[752, "300217743", "刚把得彭", "保密", "有没有哥哥姐姐交一下怎么安装tree，完全小白，不太懂，sudo apt-get install tree 这个试过了不好使不知道怎么回事，万分感谢！", 0, 13, "2018-10-22 21:26:04"]
[749, "52740514", "可爱呢呢呢", "女", "给大家布置个作业哈：\n编写一个程序，重复读取数据，直到用户输入&#34;done&#34;。一旦输入&#34;done&#34;, 打印总和、个数与平均值。如果用户输入的不是数字，使用try和except捕获异常，打印错误信息，然后跳过继续执行循环。\n我才不说是因为我不知道这个作业肿么做…", 0, 3, "2018-10-21 16:33:32"]
[747, "68435029", "就要灭绿忠", "保密", "windows下使用pycharm导入pygame报错的解决方法：https://blog.csdn.net/qq_42724402/article/details/81222230", 0, 0, "2018-10-21 10:06:01"]
[746, "308674587", "zhango98", "保密", "能解释一下  用的是虚拟机创建的两个Linux操作系统来回操作的吗？", 0, 0, "2018-10-20 22:19:17"]
[744, "231839703", "这是一个晴朗的早上", "保密", "你们有会用vmware的么", 0, 1, "2018-10-20 18:52:13"]
[743, "68435029", "就要灭绿忠", "保密", "windows系统使用pip安装pygame：https://jingyan.baidu.com/article/466506583fec5af549e5f825.html（来源：百度经验）", 0, 0, "2018-10-20 18:27:19"]
[736, "171793972", "Gshow730", "女", "Python初学者想问要用什么软件", 0, 1, "2018-10-19 18:32:15"]
[731, "25027184", "过夏天", "男", "请问这是Python什么版本？", 0, 0, "2018-10-19 03:46:00"]
[725, "171935637", "我是一把饮血剑", "保密", "这个课程有讲义吗？", 0, 1, "2018-10-16 19:49:25"]
[716, "7531750", "我也改个名请求中奖", "保密", "求问有没有讲义啊……", 0, 9, "2018-10-13 18:25:28"]
[641, "299295785", "落叶漫", "保密", "人生苦短", 0, 2, "2018-09-15 21:13:54"]
[638, "10705868", "monkeystation", "保密", "185(⌒▽⌒)", 0, 0, "2018-09-12 23:30:29"]
[631, "108867126", "劝架老被打", "保密", "完全不懂英语学这个有用吗(´；ω；`)", 0, 3, "2018-09-08 00:09:09"]
[629, "85599598", "倒数第一帅就是我", "男", "请问哪里可以下载编程软件", 0, 1, "2018-09-07 17:58:44"]
[625, "260433497", "GigaMaTcha", "男", "大佬们，为什么我编写了飞机大战的英雄循环飞行，没有界面显示啊？会闪退", 0, 2, "2018-09-02 20:57:13"]
[624, "8654491", "liyangzbx", "保密", "没必要分这么多集啊", 0, 4, "2018-09-02 19:52:40"]
[622, "12450653", "安静靖少爷", "保密", "这个不全啊", 0, 0, "2018-08-30 21:51:18"]
[621, "736487", "一朝红尘梦", "保密", "这是基于python2的版本的么？？？如果是我就不看后面的了。我看了第二节课用的是2.", 0, 0, "2018-08-30 20:12:15"]
[618, "8684421", "圣地亚咩", "男", "想要全部笔记", 0, 0, "2018-08-30 16:12:33"]
[614, "9550034", "pullupulu", "男", "同学们就不能不要指点老师的发音。。。", 0, 0, "2018-08-29 18:12:47"]
[612, "12450653", "安静靖少爷", "保密", "如果差的话，去黑马说不定有可能找得到", 0, 0, "2018-08-28 20:59:12"]
[608, "293305460", "鲨雕up主", "男", "为啥我下不到", 0, 0, "2018-08-26 19:18:28"]
[607, "17292508", "IT资源搬运工", "保密", "这的视频从哪下载，b站下载太慢了", 0, 2, "2018-08-26 17:36:39"]
[606, "70842745", "锋goodness", "保密", "安装了pygame，怎么用pycharm导入不了", 0, 0, "2018-08-26 09:05:33"]
[604, "36446872", "专注YouTube搬砖", "男", "我的也不对齐", 0, 0, "2018-08-24 16:58:47"]
[599, "14334789", "应为鲲", "男", "就业班的资料有吗", 0, 0, "2018-08-21 21:21:38"]
[596, "337788670", "吓吓-最近超级穷", "保密", "签到", 0, 1, "2018-08-20 23:49:37"]
[593, "75089413", "孔侑大", "保密", "直接收藏进小黑屋，（￣▽￣）", 0, 0, "2018-08-19 17:10:57"]
[592, "31025197", "小虎哥哥哥哥哥哥", "男", "求解求解这个视频，用Win8系统，适用吗！！！！！", 0, 3, "2018-08-19 08:26:36"]
[591, "4750743", "绿筠闲人", "保密", "Day 1 #15", 0, 0, "2018-08-19 00:38:57"]
[588, "279043160", "大乐真二", "保密", "老师说暂停一下那就是去上厕所了", 0, 0, "2018-08-17 23:29:33"]
[586, "355483723", "秦无罪岁也", "保密", "14打卡", 0, 0, "2018-08-17 11:40:48"]
